CGPA,Internships,Backlogs,Projects,Coding_Skills,Communication,Attendance,Technical_Test,Aptitude,Confidence,Placement_Status
-1.0309310571807182,1.3916263025466797,0.5472737846167649,0.9289320135322151,-1.7388795135013857,1.2500021104676502,1.3325514676651278,1.5782564376200892,2.124722480981953,-0.3184336169818588,0
-1.9306361305319177,-0.4067517315359097,3.06130815020023,1.0831452126607344,-2.9346340199044407,-1.3550541761960146,-1.7941918665494363,-0.8730194799664468,7.065968344724491,2.1103084025991037,0
-0.5589874789633589,0.2998486843541688,1.5270708509595832,0.3604416762927729,-1.3602094497856907,1.1007932222926982,-0.7559507066919204,1.3319334038688464,2.0411049808136563,-0.8244044259267875,0
-1.3502885607785386,-2.046077844597462,-0.6142642806640688,0.12645921906069005,-0.783923111291129,5.8950258940018445,-0.9154770290902925,-3.18476763501317,-0.39925960345522427,-3.9209595437894817,0
-0.27575395909330447,-0.7284951476761876,0.027727049572717544,-0.6608342358101458,-1.9281614650306649,3.544945146897237,1.4469441463869799,-1.1116615459835049,0.3137657641250629,-2.3765279751271438,0
-2.5109466406391627,-1.062067417465481,-1.9600809091120694,1.4194556807978391,-0.42983716588069565,5.166178754745342,-0.9004484613780268,-2.4714545877995313,0.2156640652612798,-1.9139059523083948,0
1.6509176040591504,0.7553526974861524,2.8814811566537353,-1.980836470922634,-2.7511045579926074,-5.639698831072482,-1.1574157902154336,-2.7156907885118984,4.0603964499323,2.515748760351779,1
-0.38201252265449614,0.10563003080487388,-1.4113348253547402,0.3537706308913895,-0.7619607769523957,0.5289168933009745,-2.367477653373278,2.301213066942992,-0.013954788828909992,1.7104023736996852,1
-0.4442152200848444,1.0145803219045826,-0.06146417588338848,0.2875639051673281,1.0696247730584671,3.3205549008275503,-0.3672039342117483,3.1506109677426855,-1.9540987089200006,-3.0649018182312586,0
-0.6437002421241576,,0.37070609686871636,-0.33346069318177196,-2.9551144019632,4.2993160142762905,1.0835831031099956,0.5374600138685781,1.6366857571867974,-1.2289809935903577,0
-2.8882679113758702,0.9196744821311396,1.9258596219061264,-2.0276772716708487,-2.4084583163694817,4.988806942973648,0.6932176016587042,-0.7987777403863923,4.145402065799178,-3.7290437385102013,0
-1.0830876960965519,0.9510258580656321,-4.224239147513236,-0.9367952349593828,2.8174698689797544,-2.196705493769077,1.2058184207160432,-0.27872359423960535,-2.285812326780083,3.90152536799532,1
0.36014237769641033,-0.35390145786374183,-1.8917321270001521,-0.205766993677172,3.3290656165004457,-2.142750240274915,-0.38438737659292116,-0.5643006062024205,-2.989505689982863,1.594778813183963,1
-3.0621006969376334,-0.27512959689963123,-4.331562833694505,0.6036457389607386,2.462051206230544,3.1482369840216142,-0.16841971202888115,-1.9620919923912405,-1.805071794106242,0.45943886828410574,0
-1.3463193078762805,1.7758696618259524,1.1593552979493358,0.5850213322877983,-1.9592753365281175,0.4080812368257838,-0.2730067480225845,-0.2218051063268347,3.366367083569043,-0.3090137886653779,1
-0.13458436217455927,-0.3833861116692028,-0.9004710941697427,1.3643262441708666,-1.4522527572543296,1.2724750833348373,-0.028217878937229775,-1.3654591028910255,0.2315571165686647,-0.08056815087945413,0
-0.545035877537576,-1.5243857328651027,0.14758799029307124,0.015027750287097009,-1.4441999570304977,5.0683834856959145,-0.11765493160216407,-3.09855515618497,-0.19919501015861374,-4.167167455703207,0
-1.7594969916142742,1.7912047147372872,1.7551037582170217,-0.5650604735511925,-2.4181031057450957,1.4345247423403353,-0.6362237126519298,-0.6689629043494238,4.104178456284963,-1.3529086749209676,0
-0.6099717208794042,-0.534422712472587,-0.5274951768291662,0.49199348683649613,-2.8767947924495374,3.692830483953104,1.101737861786209,-2.5302701573656696,1.03869890111301,-1.9915665579854966,0
-1.2036665419637516,-1.138806812779772,-1.7266048384652766,1.360168130828013,2.4241173821825344,2.6974628263943314,-0.17464794568162792,-0.6584142999224216,-2.314764525663803,-1.341444937563798,0
-0.9430553673153351,-0.2782742939501106,-1.5185567289627013,-0.5046337422892345,-1.6795277580827985,2.03451720106916,-0.8022718339345204,-0.9387358484896554,0.7099917494986833,0.3606861630461189,0
-1.5863381779650174,-0.062111763143732235,-2.2036362952486854,-1.1738733263060288,-0.6193736798740055,3.1827885611471,0.3888189102637133,-1.9477239307413945,-0.2099435456920371,-0.774710373094627,0
0.9173251093590815,-1.0649540582973858,0.4246475864556438,0.8264033173305246,-0.41480982103556396,1.3721388096175215,-0.05843011899748824,1.3619154873457902,-1.0723410815620147,-1.1414695935452408,1
-1.458749051748078,-2.1797191143242185,-1.0964496888198885,1.178865937036939,-1.0443792194151804,4.964881618423225,-0.5028687536709558,-1.765219312667953,0.09785756910900179,-1.952180195083687,0
-0.4046300002015958,0.192169052143226,-1.8713453746366442,-0.5837221335626013,-1.3665297907912843,0.5939100928241685,1.1765332537877653,-2.3709162895232643,0.17948906953106192,0.784396010005322,0
1.2189287582138006,-1.3586172522571491,0.2816849472412395,-0.8963675478251808,-2.3379171282556985,0.605456319617043,-0.5789517573489231,-0.7672552915524447,0.30560381323155306,-0.0785299014732892,0
-0.9281215060801254,0.09740103847785087,1.0848307082900133,0.48060859334734735,-2.299878471750334,2.8431959839511602,0.8789639730706512,1.9137620104106192,2.197512189448558,-1.2570759378946041,0
-0.270366315668606,1.0694428278070882,0.8317249650309146,-2.380739105523497,-2.803869205604335,2.10237957992928,0.1293680067038185,1.4533173025723651,1.7826510789678085,-1.2898327593841405,0
-1.1741500058941683,1.6230022031246834,-2.7547759963287213,-0.8228559015184324,0.5127894022528432,1.4231510171105344,0.662536033398613,-3.3905233243256623,-1.3521356188455829,-0.877080058854566,0
-2.9155448721509023,-0.7898850942558298,2.0758430686619165,0.9256767577138694,2.171596977797018,0.04906304141853113,1.1644117405352703,0.2362271460706873,3.351785159180042,0.24458550532410583,1
-1.1856491361422947,0.28853386783412316,-0.5800380637453544,-0.05585218265281086,-0.14112518397674356,1.449068034502576,-0.11356256479045149,-1.3299914470508272,0.5786810249198487,-0.6672237746445759,1
0.2566953625861874,-0.3961346504944907,1.1623821540114263,0.40482340880826806,-0.10652545723801854,0.8122573472225834,-0.30906623673826017,1.296240949158306,0.10326539863145179,-1.1197760663970984,1
-0.6268761975766826,-0.10916084465700182,-2.0714853618203857,-0.270267604363889,0.9538968950463025,0.281751671621539,0.6419471294437011,-1.001576162330848,-1.2039850435187454,0.8870074652220903,0
-0.61600081714733,0.12719813999089125,-2.4981178634810295,0.09715578708624777,3.4421187105612447,-1.1524145676375823,2.666905222320009,-0.18672810226947822,-2.709397005771826,1.5385584055458887,1
-1.5530730415393472,-0.6472421864747513,2.2619153323177033,0.08291185317203993,0.8376167197727713,-0.4987395313094245,-1.6251212588825248,-0.5441620041313415,2.958363456906593,-0.04671709748793629,1
-0.7777671247735449,-0.5361060091054346,0.3650050813669209,-1.177761457991358,-0.7050893423673613,6.482842955028265,-0.21578712632821961,2.9678328745142997,-1.1550436560455806,-4.609715550691939,0
0.21801661617821755,0.8072861383940668,-1.2831195607545596,1.4436703191662383,2.074350721967618,-0.941614110648105,1.3465716626102961,0.2960939216119217,-2.2573108129646573,0.29429569720966287,1
-1.7752014163440357,1.656380495686479,-0.7890560143697267,-0.8059917310594155,-0.14361822398145818,5.100022514203982,1.0947985022273252,2.0413887199907936,-0.6798861643395557,-3.4775002437581617,0
-1.8705216052650289,-0.6177681204264822,2.274397231730963,-1.03799135498923,-1.6668889450189175,4.63360659628308,2.779963624223556,1.154338973576108,2.89554204960748,-3.2672724103652184,0
-0.9336305286988198,0.025311585620766852,-2.1795321576375937,-0.39156997735603927,2.316934489879568,-0.02433798385372088,-0.8076505577467649,-0.9812512320983021,-1.7782667523555205,0.7826151598522844,0
-1.6234360881746284,-0.4175197740008779,-3.340153464489583,1.7303218148571686,1.3664629786019402,2.124123996610488,-0.09534109119668262,-1.8840057416560296,-1.757154112120314,0.35559736325406077,0
-2.0945553687221046,-3.2918718327873746,-1.601879813420875,-0.7907709190853537,-1.9618012110811252,4.859426707741976,-0.07310730200893852,-0.519111617797852,1.5211085283037817,0.41289639633975606,0
-0.8253676565746246,0.20852719408777898,0.8975614814603534,1.030919338366907,-0.9565981327060742,-0.5479918955645378,-0.3128364730515222,-0.7619269511057011,2.4910801884227807,0.6724138727533193,1
-0.25417154831568367,-0.5736537213151878,0.6849257743336538,-0.5387903045767108,0.4917903550221834,3.9789845566953956,-0.7075522852941063,2.2831881945738286,-1.3845651663884055,-3.4672095446836964,0
-2.0300049857173352,1.090703615477446,1.2429262401382823,-0.9253922576429561,-1.7394149571135427,1.2648953403657348,-0.51590531313234,-0.8771875829841123,3.8364179749035783,-0.6258900324250251,0
-1.0970544987044981,0.9329304434813958,-1.0224142805601906,-0.2671374859417547,-0.9535491998468936,-0.7269913801150986,-1.98468794144591,-1.0220411169867512,1.709933027263138,1.8588394364614647,1
0.02586218354565939,0.5844052606830382,1.2188234613354527,0.9693693024080543,-0.6297699405072328,0.08159465235983596,-0.2217814037161355,1.8515388857600703,0.9951962180331391,-0.38571492683792263,0
-2.5618951278056743,-0.027833018097544793,-3.229800257876742,2.1216313073302033,0.4372936866839554,2.800273782426667,-2.0653027750406103,-0.560674056016326,-0.1838929506815994,0.9375245235903857,0
-0.8605060840805807,1.01464061643301,2.7843318676963777,0.9687698956813533,0.11710164496420195,-2.0697244386459968,0.07333674477813668,0.8333468217988923,3.364442194911103,0.47980314133882906,0
0.8941633435716725,-4.187331214403512,0.9804048581932856,-0.19609321067693788,-2.130610844584125,2.030929184913063,-0.23389780045359396,3.2038936155395925,0.7417340904995482,0.9727218937661468,0
-0.33742952296477124,0.8666312804749278,1.4294420962609795,-0.0038041336707993834,-1.3593674498922343,0.4702962120706899,-1.941858659379406,1.1822412472862318,1.902294003299425,-0.6593508261281845,0
0.1543948093315215,0.08451732003876034,0.267185313597865,-0.7039163254155445,-5.45426915805063,1.7005529233556893,1.4364295195588668,-0.350778269587687,3.2505992337801546,0.43029121088582856,0
-1.202961936986418,-1.630804336984332,-1.5609581433522435,-0.015563088870293978,-1.1902131696719418,1.8468788767321074,0.8634372801898786,0.9736191418168092,0.9405776652267438,1.885050707525103,0
-1.6782612138264676,-0.9645259928131644,-1.6516512873123594,0.31695200698411535,-0.722833420766306,4.232036338995447,0.021888821164834777,-1.6810846539870794,-0.03842947581206513,-1.4893166292822317,0
-2.381862237587762,4.230925109442218,1.2111699898543862,-0.7948936470016904,-1.4619120072508172,-4.7587749790413305,-0.61836502004413,-0.6614565921601548,6.301554788424655,3.862416048415566,1
0.44939165655303315,0.6733477457732021,1.9593819145738909,-0.10609063534142033,-1.5448491629928958,-2.009033238534748,0.9573048225935312,1.0166957323947323,2.504087566797644,1.0194726554553961,0
-1.3629285676225962,1.294149530346525,0.9420337043793108,0.7732399866657592,-2.810599068168042,2.592782288851783,1.4164117917002925,0.556081263756369,2.979845266869191,-1.426956689259208,0
-0.6307811754715485,-0.5584458241846042,-0.7299175654825276,2.3176367886738785,-1.8931781068497517,3.7259436766159255,-0.9560585516833945,-2.5383609119535198,0.2029649578857543,-2.3279399021291987,0
-1.0144858951994078,2.2898964978824803,0.7545398178228946,0.23513529936618852,-3.1873180548707314,-0.7719827953373222,-1.4587583925306935,0.07520049177687693,4.08909086837358,1.2775900870403663,1
-0.6182992573062162,1.7354318852767427,-0.7599296201366568,-0.9221889054316275,1.1106774395760652,3.1771356096476264,-1.001314654197967,1.5791778998272399,-2.2037475660604495,-3.2244573333486737,0
-1.4976243694290516,1.0248750544906529,1.6449944345056164,0.8220660780325274,-0.28101926789332854,-0.690348739110459,-1.096875079383986,-0.16918792264995597,3.1965801613808797,0.22210357196821873,0
-3.00465476094569,2.43900150437626,-1.3539067470797663,-0.34214865112723886,0.55901833955129,0.6900811422121125,0.49888319476821275,2.0841786867673413,1.9142374632497368,1.4867391093032916,1
-1.4635428348759874,2.2206642755305976,-1.6713457677651062,0.03263883669087142,1.079728646389951,-0.7045324716937689,-0.5567787728433663,1.4649071098491029,0.062294291421258086,1.6203484601958915,1
-1.9245957515447687,-0.13395262396027918,-1.7142094856099723,-0.7424867777695996,-1.609559047589888,4.355134169819362,-0.8385006163839522,-1.4172012238152758,0.7137030497908574,-1.3509539380454114,0
-1.4121703609420955,-0.5431082182616043,2.802062262787029,-0.6117596395045849,-0.9556284253041057,-0.5265516653335374,1.5794378916948595,0.33749445836135294,4.421270616913278,0.5716772453424115,0
0.6238385229592469,-0.15001027549927892,-0.9010447556282403,1.25451870238119,2.9977308884267853,-2.197596523249987,0.731898069234381,-0.48396772493039975,-2.5201135274765947,0.8518058701966449,1
-0.6946155154163247,3.7073120724999216,-0.8084175996872007,-0.993593003931448,-2.0287145539560054,-1.8490055066489295,2.5299277492519523,0.8971437458773133,2.1921895184704994,2.0698092989682055,0
0.6244427195576963,-0.7576938029876692,0.6458239891380633,1.1277880271116458,-1.2705561886073518,2.8258023872098867,-0.057836612377593744,-2.0729617781126537,-0.6323106037585359,-3.339566209167439,0
0.07874898053768709,0.42812416426298905,-2.625568064554879,1.22393634423789,2.815174198012484,-3.3490395563216353,1.6053559623618066,-0.8732239602690135,-2.2389276920668726,3.2179280717716203,1
-1.163639265964185,0.19312125088160137,2.17152739206283,-0.11366668908143539,-1.9332410516678342,1.8566057771548699,-0.9258899038911499,0.5006861786141839,3.278450505440129,-1.4798612005738092,0
-0.7902438909752431,,2.364622413797286,-1.3394697749577562,-2.0725913493222223,1.9910066588796074,-1.481580771551368,1.3171567846711036,3.2327290426295283,-0.7201707645055875,0
-0.3836738209500171,1.05811628028481,2.232950520281671,-1.2855910007560276,0.32195299926817755,0.19619472693074289,0.11683017417218379,1.680176144885289,1.2526840898256666,-1.6421189580589077,0
-2.1175378214125185,1.6221444335121937,-0.855496253648125,-1.081914368713133,-0.6408914463892947,5.141072769393832,-0.0919684662030466,1.1351740244385158,0.07823476811054486,-3.237054163839388,0
-1.165534320841729,1.7570839562353924,-3.4367658255871243,-2.2746210312061996,3.08362783939368,0.2330797867232448,1.1067104242873174,-3.416529322946298,-3.1534799595189393,-0.5347634984402939,0
-2.844374368352341,1.4604185326551105,-3.4962058579594784,1.6875480552367936,1.6246415724043102,3.3940945575482244,-1.0391111683677392,-4.105795382359261,-1.3569908349197237,-1.7451489626331558,0
0.24654940679462123,0.5748329530196505,1.624330963219895,-0.05111869301537766,-1.6947977003040064,-0.6369923980985184,0.7151743901280584,2.1373580322807246,2.070068802276581,0.4919084027165843,0
,3.1822261843495068,0.6778902109819482,1.3342291941726905,-3.3613405761097113,-1.2836782127815347,0.3590550934803667,-2.4162576315906086,2.4111676549021066,-0.44908425240474026,1
-0.2059762268046349,0.18910523095213438,-0.6135556598972403,-0.5552804969053294,0.4284275035651286,2.596831450087945,1.0595655726233972,-1.8027277242744826,-1.6127061439074817,-2.8918342204847365,0
0.12497123180453618,1.6387408464815125,0.008047112363870679,-0.6597486412539658,-0.4896158932454344,1.2256179622398427,-0.06327395989691587,2.716503948783091,-0.6132408651300303,-1.1879920715733525,0
-2.362585047660702,1.6832452841510552,-0.02714907677092082,0.08452698378432454,-1.0804718662526722,2.215776374883954,-0.40328779191093866,0.04582899392529227,2.513668000524642,-0.8374469857958384,0
-0.5487387054479853,1.8794683383233282,-0.21078894913861945,0.43841269949664524,-2.3227249924011777,3.505029464135894,-0.16195481694132746,1.976836090052981,0.4152710276245598,-2.3074998948740015,0
-0.38899412167212344,1.1544037836864915,-0.41910999151310024,-0.1265188969539503,-1.2084295716375368,4.608222361684824,-0.5151708990920177,2.5566848777406834,-1.1289352786143705,-3.336344837963285,0
-1.0688301022858397,1.3835109343238423,0.8451324238495954,0.5161440395863797,1.150192557115593,-0.2553466778207216,-0.390408738280471,1.3288606337908824,0.8679484217273755,-0.42258715417511183,1
0.2651791917852444,0.7602080581258108,-1.9561988200118279,1.9853803952602933,-1.7062785739573947,-0.32469015025260706,-0.3266137806612126,-2.1640472479778694,-0.135812931558649,1.1603440226087447,1
-1.5346148224368465,0.18016405748726227,1.6346382451665424,2.560502959355684,1.0427895433844814,1.1224810256515299,-1.0884112356728457,1.2286822880780406,1.550516794195552,-1.2844056280966591,0
-1.2803050727154484,0.49926271746571127,1.1782557693361126,0.960305168086668,-1.674245130181557,1.2915246650633352,1.299987372262134,0.31537711914883804,2.877435791639285,-0.5098065457964158,0
-0.8707790675065488,-0.8986619189571372,2.9790096326277826,-1.4338058239284144,0.3250912933617962,-2.7983922913170094,0.8800659629573423,0.70597663121266,3.9658553887590484,2.0246838088526844,0
-0.6987851907098939,1.297738609109612,0.7117554687057768,0.2691809202551599,-0.6870386189518537,0.3582739835409143,-0.8800119816907639,1.0151362107190756,1.4330025273933682,-0.40394808295266704,0
-0.2154725703041347,1.4004950296106933,2.3820820484884204,0.9778475646543314,-1.9465689245874824,-2.7389679470566395,2.1209935658451093,-1.5991520241587687,4.1146641652697244,0.9521839172759317,1
1.7313364169295489,-0.6061402456449076,2.3790909017905197,-1.7378046158464995,-2.870036298751736,1.7725080053338211,-0.03658003987684579,-1.0102003171080072,0.5980723342330387,-3.2884113973921107,0
-3.717845634915334,0.902614426898575,-3.3249902516795653,3.1176811292080475,0.5254170855953004,5.019152475533675,-0.20412976887271617,-2.169693345800448,0.01101821277187387,-1.403370242193455,0
-0.011005147203147048,2.399854096413627,2.707270286792502,-0.38045590416635117,-1.4847794919413442,-4.758014066748342,0.09131472861134962,-2.7310060758421457,4.460233309973096,1.4755168257354285,1
-0.7868408001039846,0.3675627148303473,-0.25484209185843076,0.6675480803699957,-3.3959424171630177,4.162165420656003,1.2991498205476675,-3.5491256625332324,1.4543743360717725,-3.0830854203357596,0
-1.0943595332465796,,-2.523373656539569,-0.9019926494431975,1.9993838378901465,1.6102242986754018,2.8652120230859626,-3.071739227077873,-2.41530593743453,-1.5134472423807268,0
0.611796133261989,-2.245888112828757,0.4938571628884816,1.3459350078383152,-2.6900328484746923,2.2110239141714416,0.6082671663441893,0.09701470654463562,0.8652098195814093,-0.4414183395973791,0
-2.456081889804766,1.6808155189023044,-1.478772240060013,-0.13698957769394238,-1.2578565951447005,2.0785526961863843,-3.1385146662340397,0.44505423174208225,2.000960997593487,0.5530742963932994,1
-2.3889623644715225,0.004201580811729055,-3.138059748101569,0.6308756035961556,0.2015881732616236,4.097436733570936,-1.5138305012448536,-3.6997152679346637,-0.7581423674061587,-1.4173488233802636,0
-1.6062999631214363,0.17763339252965393,1.7656259754482888,0.663545618498435,-1.4746079424828848,0.8954927696273357,0.957993941480019,0.9252741880243427,3.703716308458369,0.010483188451902992,0
-0.7127034547210482,0.10962458395181574,-0.9849645325264376,1.664641821966275,-0.06735761820323993,-0.01641479430190229,0.6276804178744745,-1.7942252730671795,0.39049622551403274,0.6394299901706775,1
-0.8305666018165362,0.6251168744135388,2.6334875820836166,0.14432647172603683,-2.870884813429761,-0.3700807742553812,1.6923465724632047,0.904094580799319,4.763772432012206,0.5125276995679009,0
-1.5566980649429116,,-1.246999919332051,-0.483933444951233,0.6355069420528001,4.564665448665819,0.7762285047241061,-2.1978724577145323,-0.9758151386720713,-2.444179410326182,0
-2.3090676395091263,2.989406313847656,-2.723834237176858,-0.7825913625481332,2.2747679906815192,-1.2905475279999472,-2.28577724449495,0.015679669691521347,-0.20755800304889283,2.112485173638909,1
-1.8128484705045342,2.8127788546428416,0.46732551207125994,0.3314708963308953,-2.668485413160371,1.7108296827379976,-1.8037504840924963,0.1909354491826456,3.3372356895372324,-0.9174968238433012,0
-2.2324627452762167,1.6815736727024564,-4.846118727586442,0.0321850870368397,3.411104791913477,-2.1001616550022666,0.29137898481594593,-0.18081660489763252,-1.7861234799666064,4.4283903539126825,1
-2.2674735742250576,-0.3178362232630588,-2.15593985655933,0.6622629821596197,-1.3045945483440227,4.304124105148344,0.16064994035311653,-2.921489250070487,0.7267174462788066,-1.2440553098752472,0
-1.200091606222806,-1.05009766823397,-1.521070278298175,1.1214992118499283,-0.028358166966192422,2.920715299244409,-0.7155129854852287,-1.031233238910855,-0.48206464188844,-0.7075673201362821,1
-1.9999685519890047,1.0871412387836996,-0.7409738168519724,1.3448540311806945,-1.6698364420448142,0.4467486985821547,-0.3773865174622099,1.024823935533406,2.9842207824213505,2.0528503182821582,1
0.2338419996240333,0.0179358611720164,-0.16724232209357048,-0.9310017116324415,-0.38652946342318906,1.60259718856912,0.7297729370341954,-0.7822317571499151,-0.8312704976811216,-1.7345964668597564,0
-1.6880477243520648,2.4918588996579696,0.013178304905645422,-0.4697644643371368,1.8116746517290414,1.0895227784828931,2.14300705458491,0.09626436776274072,-0.09689304173305024,-2.0552304036685562,0
0.999304219270688,0.9573856004985651,1.1406959909734593,0.18583762890275304,0.6505626311426627,-2.081079462790945,0.11345604005655238,3.4436750389474735,-0.32140647758800356,0.766966369298133,0
0.4368010541873324,2.49882462163296,-1.439420998560839,0.7418222943901266,1.9331911705845846,0.4613430030722758,-0.36234755754610226,3.4479291815725293,-3.434127467942671,-1.093684308444006,0
-1.0812655981293409,1.044384809454555,1.0316079600456014,-0.258008536197609,0.471005428105046,-0.39184117798754625,-0.5781134587156433,0.756233637485324,1.6153949573780566,-0.06403695766991913,0
-2.04932371255925,1.2704647933379745,0.43562924504876277,-0.7334820666782794,-2.806124915485136,6.052220111784992,0.5510170602262995,0.9008896705879061,1.987206364328269,-3.9165388383810584,0
-3.0319014563193454,1.2948984817358595,1.3887582553282634,0.4136162575716805,-1.8233808737646147,4.440857605532978,-2.1239928181256356,-1.5440605769701614,3.77735983534444,-3.4263756260026654,0
0.04792933672136601,0.8867641423619574,0.5890304940966007,0.12918747333171046,-0.7094423830113699,1.4127791754212975,-0.3994654904728529,2.7975236071938987,0.012112015261715132,-1.1560448922405597,0
-1.0734744101381608,-2.0874216903303475,-1.2937105143726457,0.39397522586440237,0.5659782343585027,1.512876909485938,-1.3129685299472729,0.14014185122158396,-0.15835802753978467,1.1127530898940567,0
0.8729895517598023,-0.21960843231579252,-0.22433812845085743,-0.8055266825105205,-1.624687827280555,-1.0232538621701897,0.5327832093226242,-0.4673217454567814,0.4832480254509105,1.2669770125579283,0
-3.0746251548299,2.54044159623578,-0.1326566167289298,-0.2811640424645573,-1.2487866235260658,4.1568493193291625,-1.3453354874152414,0.348913838877855,2.4628216500248676,-2.482559728538603,0
-0.1504949282442959,1.3505533961131424,0.9619090598347487,-0.6308464029471887,1.1269451530330166,-0.3293073984805387,0.2573731064173494,1.7922531646756816,-0.17497234763677907,-0.9494477068528007,0
-0.3191296469633712,-0.2703102236935999,1.309697569436787,0.1540318416835874,-0.14632680812641286,0.12400247188418609,-2.072355181695998,-1.6865156916237174,1.2508260765687838,-1.0562968152071117,1
0.10459659732069904,-0.540620583371898,-2.411314604738757,-1.934087745459577,5.466088942315599,-3.3186682873992286,1.342180131244854,-1.1828125099327398,-3.992961355463403,2.218396076817555,1
-0.4514346575953375,-0.41323837753185155,-0.07627423351835061,0.07567354061338613,-0.6487319877236869,4.452104060887488,0.03175945658145075,3.430370806649941,-0.9588742337330551,-2.4806459457134813,0
-0.7456160142095616,-0.9765319849288321,-1.1827072176092241,-0.6274207344263732,-1.6616623524929621,3.1435435304130737,-0.33781509419140304,-1.0926210270072438,0.24336888550767177,-0.7875132851068254,0
-1.2964212204901395,-0.028009269895074018,1.6128091862702927,-2.61813319869228,-1.8724140948082812,1.5277807881216348,-0.6286702470308604,1.5378695044256074,3.2641936308222457,-0.26310576562108934,0
-2.22234213822661,0.7134812124941347,4.050950083485096,1.1625736681878402,1.0743942081243425,-3.4025734763279005,1.1535028497815438,-0.691076947966085,5.75367351028625,1.242570278883552,1
-1.4345168790604843,1.4426390628141192,0.33888350760650054,-0.8987998102438376,-0.7934942190124012,3.405776180028373,-1.3472539175813492,0.9601044206773277,0.8240974410206159,-2.697636392151718,0
-0.47267902017274854,-0.2939078526507808,-1.6566205986631266,0.01188043451779194,0.6299400913040942,0.109389928915192,1.9836336524360194,-0.8394903539686916,-0.8143163769958488,0.9712059980387429,0
-2.5417038110748242,2.510520808386917,0.21518844901620804,-0.3150819279089234,-3.9933956917234483,2.2661656407770945,1.4488201083377155,-1.281964195253234,4.909087954916242,-0.40555762561082165,0
0.266573062573356,0.5537642029764198,1.21658294163587,-1.5646221273358043,-1.591192348043616,0.7298310563269668,0.0923767916399243,2.501027085340297,1.1155824418490474,-0.5443545612396766,0
-0.25240085615092034,3.156375515314781,-1.5361773774128027,-0.3313522990878492,0.3743602926443461,1.572727462353797,-1.0034389034995035,2.2891506832026303,-2.05450518987,-1.6058910758797422,0
-0.6693389493860893,1.426381830895644,1.0821365883054717,-0.4598592623151402,-1.0972147180837202,0.41188435958250036,1.4465632912513675,0.3986663644704672,1.8706923084840468,-0.7947373866847478,0
-1.245855567000991,-0.21338414082877966,-1.0776955562023696,0.5413212940082783,-1.8431163257635101,3.680277458970955,0.36022603707742873,-1.7386553236324782,0.7107795403016226,-1.5579791009226942,0
-0.46743548948805136,-1.7729770881959075,-0.6234315068230947,-0.22580674907604184,-0.49271019957755857,2.06082082525071,0.9049620414941998,1.3410125423277424,-0.05664794605133372,0.34709631874668223,0
-1.1887946391898634,0.40810414220318925,-1.3331649014599325,-0.09287450139305273,1.7745782650908606,-0.36770693928009446,0.012169682282905197,1.9545025894176586,-0.4829688535794465,1.6874775416001606,1
-1.2013679582993129,1.7967877044725609,1.0603328994476249,1.1247767199858125,0.2047803242603501,3.2244838520649517,0.8983595683469856,1.155268665287767,0.21797946142171643,-3.7893436710364377,0
0.14050670241480478,-0.17908660597881076,-0.399553169789546,-0.9487486952680001,0.2720908664110142,0.774352417641357,1.3140749815246042,1.391341284450988,-0.937932231420152,-0.21699014623757007,1
,0.09532746924754987,2.989308992214087,-1.1774165052492886,-2.8663701733249405,-3.7326641203762034,-1.0804073292785017,-0.4227992781580372,4.888850273244514,2.524005531107924,1
-0.3400693949645801,0.3361940647299084,-1.6797690970274073,-0.7750449630162398,0.11735443057133677,-0.1663894394371267,1.167741925527779,-1.1800171208951755,-0.5846325137806765,0.9475759162211337,0
-0.9326411650901346,0.13745699966835878,-1.1799803199709094,2.4523699128687237,0.6674870797418335,3.0330275139759624,-0.5844009765960311,-2.733962106622194,-1.3794786256073535,-2.767662063122714,0
-1.3540931553074596,2.693763882851637,-1.205602131790302,0.7072313738042767,-1.4332236719186158,4.978065029646591,-0.02185674744212368,1.4446452966374794,-0.5914003060860473,-3.547651686862854,0
-1.8474712438668144,-0.48261201188088876,-2.1624367911018014,0.28802836830548917,-0.34431151765525003,3.133795925508288,-1.972089026643818,-0.3201474340226622,0.021170666444395803,0.04625893927806812,0
-2.0524783999344143,0.0046121249533283,1.5935876023315148,-0.9240628073410654,-1.8501622144843473,3.259568488987459,-0.7199895332219391,-0.5116460054443983,3.4093970319336466,-2.0675690778086717,0
-0.834778699480725,-1.861755599736352,0.2728225288261059,0.7642132033388553,-3.910159348451382,4.061632166524197,1.0380125273159622,0.3620833960788723,2.5821765920784694,-0.6111311110260993,0
-1.7939207737266378,-1.6120767977839314,-1.5776602597753162,-0.3266475631886115,-0.4599447016746445,2.2746625198576584,-0.650656621336195,2.1166695439181904,0.9319734410603584,1.90614716159057,0
-2.706427253417397,0.03469059699600652,-3.60993202831647,1.7230747176462498,2.3504051573141633,3.648400767689485,0.427962626552635,-3.5333062245322844,-2.032604348188412,-1.3952870694236015,0
-0.7091481507616584,-0.002653177199153922,-2.0319548325003276,-1.4289046065117268,1.593163939567459,0.8676923569651774,-0.5619301138579263,-2.311693694245381,-1.8339369111390762,-0.42647869994875265,0
-0.3597412106870299,-0.2091830108377699,-0.5433164963767414,1.0599501697623763,-0.4262708926842198,1.7483129761327048,0.16663789531183854,-1.7001161142383623,-0.2902032166083391,-1.31310783450077,0
-0.8415281332122115,-1.9846681856114574,-0.9709711803937298,-0.05796399966830253,-0.16678565635442932,2.771375581604943,-0.7725421118422359,1.2082750215257168,-0.31333699775132107,0.07559347736728239,0
-1.5591839539932923,2.61444546631648,5.150908403359671,0.08387250176093364,-2.0877185705089807,-3.310917386401567,-1.2931222504049704,-0.08008197403321105,7.5605651919946295,0.5267080870913512,1
-1.0411601000168584,-1.8591863737348922,-0.706921959051819,-0.48401712362208477,-0.8005773940605508,3.8771472477384616,-1.0296962396330605,-1.3776512227344662,0.05061632927631343,-1.61737756286815,0
-1.50555821446388,-0.3190463068136872,-1.8672722234189525,0.14237791251046628,-0.6483280153541628,2.5739125170653328,1.388664520102482,-0.6594617564188112,0.21325886162104957,0.09907696664759102,0
1.2462989405901315,0.4474129250646778,1.1001390731877025,-1.321555786511051,0.09211876956931819,-2.465388239882464,-2.0323537642983847,2.9452354974006063,0.017244817090006137,1.3918370507143956,0
-1.2829373765727525,-0.9414339549249691,3.5095349801826585,1.3369690735559603,-1.6631667651974227,-0.1946663188699811,0.521449399059529,-0.17998871679859407,5.102611468494735,0.06768172540438067,0
-1.846883458253759,-0.19856027240605445,-3.502453037344305,0.12184446413245396,2.5182915126915937,1.0271178709901176,1.7256937928147706,-2.6420647313986336,-1.960496364513654,0.8319961150738819,0
-1.2741044696530281,-0.31689804850100045,1.299157230415989,0.5817817706283626,1.0534690639779662,0.33433377817062027,0.3912093272373939,0.5277564081514694,1.4610804062956242,-0.40577874965037464,0
-0.329642520909429,-1.8020555613315972,0.8820212769742461,-1.655224712189433,-3.271869377119996,4.456322131366179,1.1706616293176602,1.8475119417039587,1.6164261626467542,-1.6800186434922957,0
-0.07860292013384695,1.026475609333415,0.32843841522847317,1.879874549421008,0.1848454619553892,-0.04276930587333559,-0.08708472614314992,2.6214691311926868,-0.003839806709917057,0.016333158541703252,0
-1.161254196120458,0.22291618190815554,-1.1570195474349354,1.2863821369955335,-0.3195882426565281,4.267519500844302,-0.6281493997556425,-3.636300612589566,-0.9100489833645231,-3.702370877938848,0
-2.6947514583390384,0.1728043508339514,-3.820971127781693,-1.1251861017311617,3.199487743280283,2.231154615738653,-1.487861703490623,-2.65643205777167,-2.182783364916148,-0.055485662688359305,0
0.24506497358878,-1.8033030035973243,0.8696041022701861,1.368094236814898,-3.975959258180297,2.4727799612366215,-0.7749628240639848,1.7472178480340355,2.310625002520523,0.18448826678337849,0
-1.1111186959319648,-1.4887901823893719,-0.18473899987684417,-0.485678744575047,-4.0765444133991755,4.855957260970222,-1.3401248956547858,1.3194294998363918,2.373106311099969,-0.7294135620653379,0
-3.007239159405601,2.7816623680374155,1.4803488671203486,1.5019529651885957,-1.1682165009503833,-1.3640063609304938,-0.4149162781203273,0.8559050018804901,5.705770720692625,1.8923891133325825,1
-0.3588311287993655,0.7960899395225869,-0.6756670453061961,-0.7474556539582122,0.060004363301626285,4.034494450057781,0.3973970234592343,4.640563835485507,-1.9521039523996904,-2.3761375764571313,0
-1.3456385455582325,0.07065389829641022,-2.522268007271194,-2.1357998487348056,2.4164412015917733,2.489468600580312,1.5199520059142992,-1.7137874601260537,-2.673400940561094,-1.4894825983373328,0
-0.45799254204188844,-0.9142856379827118,-1.1539432930040607,-1.0126444414430895,0.6515779575328091,0.8065043376786194,-1.1941866514118442,0.20119101870610478,-0.786607330091017,0.5801233953204628,0
-1.7979758904866407,-0.9957994204544962,-1.2548784632410723,-0.048829835933703165,-2.758010307771399,5.196363962040417,-0.3754074464839619,-2.3500191253532496,1.4299428092095536,-1.8535353890492527,0
-1.4856372019332358,1.0615642167680157,-0.17326427877216677,0.28475459338556824,-0.11723437632456668,5.99000244100924,1.434309669352076,1.3603943293208496,-1.0251901235027328,-4.886924364255613,0
0.3690319994043656,0.553900198136366,4.7626388056684625,0.32093006192565754,-4.048619494554962,-2.8219957665699904,0.07991526374003749,0.4116388927636132,6.463321039892224,1.0794734502817693,1
0.7449026182556109,-2.0373633422382227,0.6585281422783991,0.8852563208659603,-0.5655387313672315,-1.4145557148877999,-0.33348628096969524,-1.73374837378771,0.8241745062637278,1.2962438359840578,1
-1.0139654841424197,2.80090354430627,-1.1649093931982155,0.03239621368357873,-0.5205955119964334,5.329646157665077,-0.41342377063644137,3.0161266618690945,-1.8646122012074215,-4.197192969456296,0
-2.319452522160647,-1.6559883912339033,-2.5241969590015714,0.8444558720716657,-0.42822690710224265,4.869840460453092,2.721912147906493,-1.4649779753942866,-0.12427473971521952,-0.7426201391077836,0
-1.3653217402147935,0.9854040084137745,0.01878744296704382,-0.754866196571921,0.2546592363758129,3.640800773984457,-1.1204179189363892,1.5009140752025614,-0.26651741856045286,-2.8447370502370055,0
-0.9757504238475437,,1.4608798177001279,1.5723982102703271,0.03681655292194619,0.3931488803449681,1.5391423458106503,1.2237933677376718,1.7157842413905247,-0.7838938343644556,0
-1.0750210572657573,-1.6121132411414645,-0.7651978286445884,-2.049474485669681,-1.746758725634351,3.39347037707878,-1.485186162699932,0.4233832896181666,0.9426485116853781,-0.20969198157777025,0
-0.12652366496182543,1.5192188609681803,-0.15835234241482166,-0.18352817215715306,0.6717367148028397,1.258504636668838,0.9102157836647453,2.085989891324753,-1.251655883235298,-1.5945109423429797,0
-1.4940107806594625,1.6559566650611377,0.4704363283898818,1.006606541032628,-1.1098342088701334,2.9142508837460377,-1.6942558959950778,1.1124416318842199,1.4003559672892256,-2.1724824753266536,0
-0.7488904793853252,0.09146153513076216,1.3350345406611597,-0.8140106692915557,-2.181947662924232,3.2956462880743445,0.33011379047094364,1.7848943655593013,1.819974103438374,-2.1054352829298697,0
-1.928914981587571,0.07620161396846603,1.8719086630636435,-0.5587995720623407,0.2710226939802678,0.3409128688872243,0.2637555848225758,-0.38007311964276247,3.140274500620841,-0.4300118117129257,1
-0.656337846103187,0.5180459363065184,1.3516705631453942,1.1121006192213385,-2.933840050832946,0.9082511386387144,-0.10813899039141675,0.16921012139677782,3.2994166722568457,-0.17200826596580243,0
0.22981330692083546,0.06588429580048016,-3.5579278801342697,-0.12740687238995974,2.3260310634227976,-2.4214465029068784,-0.22001802765967404,-0.2093658640949163,-2.961877721856748,3.439232424521001,1
-1.595326087357971,3.547928783339386,-0.7388882530299414,-0.663436157219488,-1.577785239483235,0.43053631576215523,0.5306831230100478,-0.5401612887896918,2.0293019412860134,-0.14205438291654304,0
1.854807475589654,-1.6846111215299886,2.6625161305809137,0.8495845310466172,-3.359663273987101,3.2388208292476826,-0.18969349345240752,-2.0720725976966725,0.4757141657041397,-4.526087698549996,0
-1.7511692426570933,-1.984381586722013,-1.81821639161963,0.1918895450216474,-2.218189411549588,2.6553525171671835,-0.7959703738504983,1.1594011480039965,1.945267225789454,2.404567319568345,0
-2.248297662775014,-1.8134122620561555,-0.7757970274303448,-1.0525471918701104,-3.1672507667615064,6.27573817169877,-1.572989257072861,-0.0839712142605773,2.2085119602039076,-1.5718073160850632,0
-0.29247821998897805,3.8797302954079447,-1.1271208654930112,0.9784578056665502,-1.2990130738643761,0.604835430489514,-1.9473424741408143,1.8890602704261605,-0.19157376380513524,-0.6171295710588559,0
-0.7935916870874808,1.3505064382843655,-1.4019153364440107,-0.04460653218300141,-0.0021974217682114716,-1.401267389718729,-0.47783985070379115,1.2692274430535984,0.630473050731284,2.5732918127749604,1
-2.1585804411927656,1.2307055267609646,2.15588120988104,0.8822864925992157,-3.902987053027255,2.968654840378659,1.5512452664277294,-0.4651521633516269,5.338159636912965,-1.7765437396185417,0
-1.2041589663449972,0.4306886174060084,1.4688630725332041,-0.46126705049830724,0.9079088156737116,0.4043476889457681,-0.7660452024003999,0.9378501785056695,1.4266836160776868,-0.8689742605108135,0
-1.56846295494693,0.14399032451053406,-1.9981681599695698,-0.24788011907866303,0.23739385200011975,3.3623438351252606,-0.019918396299731203,-3.713010159800384,-0.8643157736394875,-2.166168304191649,0
0.49977212371276103,0.3936178268059396,2.451432327921232,0.421716933003097,-0.13107980220347404,-2.9252120895168816,0.9126203225404405,2.6156586029908246,2.1173488817168393,1.5434502195473407,0
-0.22034721546443647,1.3500326853624212,0.3048533712202346,0.504270748038384,-1.0120359648581918,1.9349415404726158,-0.3656770825305199,2.6914417304992813,0.10679044420810085,-1.4349082123028416,0
-0.3204513160584438,-2.033331595526079,0.3743449585910328,0.8085710068901167,-2.532248657621169,3.9116320017050645,0.25062823210330204,0.24632515763149687,1.053033229090775,-1.509044727735141,0
-0.9513187798196627,-0.10573324234640069,-1.0080416817088147,0.7831598877770107,-0.5673612669829567,3.042050390527681,0.7728478385437232,-2.1503313086434463,-0.30230568841453,-1.9784366855911448,0
0.24321379007515675,1.5371730128025212,-0.13131630185619825,-0.6951493580768724,1.5913255123719052,3.4037359868690897,-1.7554378973107099,4.21494961685686,-3.379331285269861,-3.8366053255868717,0
-0.8842209779260911,-0.21826089889112055,-1.4346902061087372,-0.24734038702515676,-0.6525360428389849,2.329214032352483,1.782905600065144,-2.777611785631815,-0.22184946160293662,-1.116253287327051,0
-3.159945408128309,3.578830654966043,-0.4070177856345991,0.6872384503952884,-1.101873735212063,0.6140511776390438,-0.8404929855066914,2.7091751336872885,3.744490905163951,1.3805408385810027,1
-0.5543227436606906,2.4866964422218985,-0.7586882339644601,0.05844948070564989,1.0243459292517145,3.8506490040690053,-1.2894805872096875,2.211006305685748,-2.6465925618721657,-4.136823763688287,0
-3.1192031149080366,0.4651774079158548,-3.7701652578587264,0.6628410930216325,1.7660490320276745,3.271328897289309,-0.6729053320094016,-1.8003449876422957,-1.0661200095628427,-0.03505768860199221,0
-0.5675531248442236,-0.21371561519140225,-0.6670739016644278,0.9778722722111376,-2.3312475878028716,2.379594471246848,-1.4155240669137066,-0.6796406858344056,1.0375696980230666,-0.4890414729546573,0
0.182984202881038,-1.494366765794377,1.9509386342325976,0.0105457117410256,-0.5148929041957282,-0.6556122988610845,-0.23227350279947281,-1.251164812983263,1.800570659876263,-0.09001510993865525,1
0.0989974209945621,-1.101343373057313,-0.057108501806701684,-0.8024300398648369,2.784553789720195,5.282473321598858,0.019599616577628293,5.0660448028405956,-4.489183109783825,-4.481455332846707,0
-1.962071077420602,-0.842297024176728,-3.7076938721785133,-0.10198665459367798,2.5411487282547713,0.5215288262259121,-0.7554988831339492,-0.5195394571899907,-1.6247329875301177,2.561533741673296,0
-3.011725210789461,-0.04675851529863606,-3.5053096785882567,0.1664931271151245,2.6285486686744877,4.269398185231717,0.3726481864800551,-2.597873256637927,-2.0674054218054283,-1.6576830452685596,0
-2.045391148532594,-1.8490611267286388,-2.0436086077083706,0.6166639764711183,-1.4265823788647327,3.2733612511974988,1.2608495199993097,-0.05138851219255414,1.2998703660869393,1.3389152058057299,0
1.1487504802941886,-2.067258542978643,1.7372387129786708,0.28384456730273677,-2.320556338110389,2.070922366889158,-0.49419002306691273,0.7324056632995135,0.6484297954398752,-1.6236282929267658,0
-1.1496314930303324,-0.9080434256306779,-1.8676825308893836,-0.8098900990894081,-2.0058062828823657,1.9835743142169022,0.38571084053145244,-0.6584945313897379,1.1387186563682654,1.396311500561695,0
-4.247962836455667,-2.9821270262434183,-3.1123743271803166,-1.2981039036871578,1.0887697259008382,7.860849842328266,-1.4072934434924025,-0.7384592243922561,-0.30383973754608107,-1.6383153345825119,0
-1.2667144071099559,1.3775152309749097,1.0625306582961553,-0.1934276285812056,-2.345140177138326,0.19401150017778956,1.4751123643098556,0.8366331332181058,3.655300666873811,0.6398455462071231,0
-0.5005559345914312,2.6480054985534416,-1.2126720677429037,0.11112937529651211,0.9632983764945102,3.320214553475128,1.3920387515870913,3.2862628727086314,-2.715221397824598,-3.075029296919904,0
2.2833202825308407,-3.608615095251222,3.694288434010536,-0.3059544315315921,-5.6812206237473974,1.9302583291524755,0.9481429504720496,3.5113236532217,3.133526920800421,-0.34827843646352785,0
-0.13468273278600895,-0.545593081760718,0.6598430635977024,-0.8148681489093441,1.2865675778189751,4.3144742650971475,0.1802948805034444,3.5933071714231546,-2.3066524323082787,-3.869284606198744,0
-1.0206718180700909,1.5668292697632225,0.6265581770029673,0.509683077242329,-1.924442395461914,0.8904631982688186,0.6149446390313781,-0.2330776836542756,2.438250127291812,-0.5823760021420998,0
-2.3414045446285554,0.7318145095477996,1.5466346019014532,1.0189232400898984,1.3093394403657168,3.812088746241687,0.9198715159544302,1.0123835099013796,1.013926460590453,-3.811991217647238,0
-1.157909231466513,2.1886347188813495,-2.3846914768023257,-1.8861287039510262,0.7598767823172035,-1.9465479392231235,0.13807840841754684,0.7586618805958766,0.08135879201728813,3.066856257046363,1
-0.820539280908021,0.67648026288982,0.8398044596759539,1.846395920599248,-2.3669619507189186,0.9301451976414921,-0.8258327732380476,0.706042290012047,2.7555834102644328,0.0800644403814208,0
-1.7260674163336147,1.4748537178839545,0.32012416214955486,1.3701018536103708,-1.2509270642038701,2.2724455941617903,-0.26556051251854124,-0.1062617130633623,2.0395279194485276,-1.456573514354642,0
0.13121913808912233,0.2636970935423848,-0.945393084740124,0.7882041407971867,-1.0601645920445468,0.7030489623731212,0.09116814666643917,-1.3513108007939625,-0.2670656756188575,-0.22601439248102473,0
-0.5196457307724837,0.05775266639462806,1.7657538473062506,-0.3930902007014615,-1.7198238673949426,0.9123148471982265,-1.7106033544365142,1.1318126537946018,2.520550372130235,-0.5803026630122448,0
-1.2978520911233684,-1.4938307318991013,-1.3703897571320676,-0.35895838517941375,-1.3303267494813915,2.8871319524986196,0.31444459087485255,-1.0145806250737501,0.7865164906898613,0.16994146636175023,0
0.5891309706610315,0.5883380233439854,-0.18085793002374206,-0.8508840890388987,1.1772978706188697,2.2289315120246407,1.871074482308114,3.89055297769067,-2.8510937728164487,-2.2573758089247593,0
-2.131379669422884,0.6062198985898055,0.9165282751188333,0.1376619408680461,-1.1664680440751583,3.6650815752761146,1.3025903967862316,0.17920979703636886,2.33128445886313,-2.4105749199438424,0
-1.832697534882401,1.026616743491103,-2.4585590199596936,0.39559883476294233,1.8128506147282073,-0.5391240349296411,-3.2210163559857135,0.8198561772809076,-0.3505860166381438,2.3895750429803386,1
-2.1655979091032567,0.3399448102364213,-3.9476184112076167,0.5430322792896524,2.529448473053176,0.6123164873095561,-0.4998724304108518,-3.5534617503596024,-1.7107526728260458,1.2011690972963605,0
-4.86514000958004,3.369010822493809,1.762763851118541,-0.024286495670025846,1.5224801643223613,-0.9444341753181749,1.209230647223938,0.5109013305182073,5.926019844456847,0.9750600128805897,1
0.16697389148344022,0.6394002317742017,1.0406536440037626,-0.7624179506029144,0.4362282761766396,1.1392854031690893,-0.39338229774465705,2.604032504724591,-0.5749289869045217,-1.7381756524657925,0
-1.1825973875516795,-0.3144661303867169,-1.0743588021557122,-0.04779925038478981,-1.1097988175827052,3.4625526739086063,1.5758758095019694,-2.2337854667138974,0.20075353402963847,-1.8315111694055268,0
-0.7789986291294955,-0.9620461774566917,0.23865761798460206,2.404837542253973,-2.2811924611823082,4.416295080149809,1.7448614066234935,0.13421071837399068,0.9713249613053406,-2.332432944407408,0
1.0875506093507794,0.3604793795560819,0.6531186925141044,0.05821272708505647,-2.6153612446368486,2.2149127403592783,0.20885354253433172,-2.551438469288771,-0.10555320768975263,-3.219776408374054,0
-0.6253648820491936,-2.091501198534205,0.14149711089308314,-0.07782143613647309,-2.548100170237924,5.722236848566354,0.7034921482250248,-1.1255803555709516,0.5094983077324268,-3.313765911860876,0
-1.8923758924758247,1.7879513753294902,-3.6695927222987734,-0.0412596526500604,2.9776003250275034,1.3762743634204382,-0.004072837121435025,-3.935740985931674,-2.8083873153656795,-1.0998760398808518,0
0.0315635672104535,1.0222443449148455,0.35597428493743344,0.7163400805404107,0.03441882215907488,1.8076328679212066,1.1013301648895504,3.1059370504671278,-0.8581739505503618,-1.717014262766191,0
-0.0733813545045987,1.1497106220516558,-0.5423843785320188,-0.21359324220504247,-0.5398477143884186,2.569612876784136,-0.8679754225283319,-3.1023704334437485,-1.1501014447505586,-3.4901651940921576,0
-1.4985276009035808,1.9863004585350852,0.16902862545984765,-0.09676010318688932,-0.6267885604937113,1.6896480751490837,-0.6332727047102726,0.5303766716840652,1.3806059386561431,-1.3322433734174242,0
-3.832433344554512,4.288237843959281,-2.204562042637792,0.3246582355025183,-1.072640464941879,0.10454585955893814,1.0500490415534267,2.36961715160625,3.674306526337454,3.0900778722712205,1
0.18919271188397335,0.23123805067007175,-1.147188140463354,1.17841931756372,0.7790999932766658,-0.9828742761040072,-0.7140651179821788,-1.2345782848720366,-1.059460407827811,0.7366769582434252,0
-1.552481470482526,-0.8173454910455402,-0.9820040914942059,-1.9320651585199595,1.9598085331707495,-1.7170141852068037,-0.963396341198569,-1.539276432563677,0.8587371611588513,2.6130227204565184,1
-0.026254129574896923,-1.3884860108156025,-2.582915418983725,0.6604599523515503,2.221651493896287,-0.9588393360287287,-0.8766970856192929,0.16582874191508457,-2.4426766514335956,2.4941931020673547,1
-0.5537818115100908,-0.32996440957143314,-1.01992657646493,-0.8776173568629051,1.1249860177597863,1.5467017020153992,-0.726774137833843,-1.3134951226999454,-1.3663227519256282,-1.193545811891128,0
-2.572657185381596,3.7635377486001844,-2.008811102133557,0.9623451692665695,1.4933184168146254,-0.6887882762899331,0.5880766751678318,1.2184580545833055,0.7174072785820542,1.5302470155474217,1
-1.6585944165825834,-1.6321132516056842,-2.156044500795991,-0.29969605666431426,2.3708361833280036,2.936029725471329,-0.7617603706826457,-0.9443901613094623,-1.972272349570486,-0.7329998012476279,0
-3.5062143493830367,0.7549331663549342,1.569794366083637,0.15060249284463378,0.7353714675483838,0.013778660402504972,0.10527862390967795,1.2507118178736834,4.656012317333795,1.187209556465585,1
1.419085089500022,1.5890474007923763,1.5684518387152848,0.28121168258406537,-4.179586469100338,-1.72841708009439,-0.1821605838579241,-2.245474610104793,2.7639805133083297,0.007564189457232695,1
-1.1478173559356566,0.9824094096878357,1.2889335716100816,-0.2352739099724389,-1.5170069785204174,2.0773327367902854,-2.077119853773874,-0.5870439927711513,2.2245869294457323,-2.092438122951651,0
-0.868694050534911,1.3364412111474238,1.2776307853164155,0.491412756355527,-0.5567243501372158,0.7005409016753699,1.2685832356474693,1.2185034515123871,1.7099924248726888,-1.0201190806732456,0
-0.8445553418967557,3.361471042401587,-0.02176231334290013,0.6988156702804763,-0.36949013508249084,-0.9100632136060833,-1.0401987109554731,0.29296117840297475,1.2178110039693522,-0.06170650770252406,0
-1.5768139134731536,-0.23239718283951394,2.233833783099594,-0.12826348048383082,-0.03474795574549172,2.37157973003512,-1.8996702808588812,1.3110834340774706,2.2471106291017553,-2.138524013681881,0
-0.3989384761113942,-1.6317717282273165,0.08155175108569668,1.2106745525421971,-3.36443404160568,4.364748140910201,0.01804725246822428,-1.901352186056376,1.3471097141747443,-2.193300729262061,0
-0.6772880967853441,-0.14756721861816713,0.4203967127807319,1.8055744326868153,0.09193399668748814,0.5485008864898311,-1.4762625440017794,1.477010135322551,0.79682737800247,0.16942128658522715,0
0.8567282395882181,-0.3104595491399684,2.0963060003778713,0.43102295801089313,-1.528875747919835,-2.5191079527246982,-0.2880627983512786,-2.1240838875586774,2.452340547687662,0.7184149311807306,1
0.39689061734211784,-1.670725806783818,0.31949016438733424,-0.47364545765119104,-1.2935232085031036,1.8916322289467213,-1.3756340887863618,0.03326303985469892,0.04873679243739376,-0.8465097227601386,0
0.5803878937684683,-0.8450586376732168,0.219821025148769,0.995693754370362,-0.7063813748646961,-1.8293544753434543,-1.5030468593574806,-2.15521128406317,0.891084496323968,1.3985339931406482,1
-1.6218839870731934,-1.4538023185639635,-1.546257432959616,1.465210503481381,0.2836916334764572,3.119383694940393,1.5929640960273812,0.4089181111548037,-0.22737004652805548,-0.05283661198046952,0
-1.1125858812795322,-1.6464696727243378,-0.8906261780797479,-0.36723700079928584,-2.2081091799075994,3.7365903453693328,-0.3230423687730068,-0.9706037341231057,1.118525020993816,-0.6279140747685413,0
0.38702729433527105,0.8527720216768104,0.16379720955431099,-0.6290378612036109,-2.6898993016136945,2.0618683034042102,0.6989530717174212,-1.988654353721268,0.5498254613796977,-2.278660255464956,0
-0.7575990562535418,-0.4616088479363576,2.024647091002608,0.8715243860879341,0.8075274810420892,0.9881319561500068,0.14342656685749322,1.276482100050023,1.125512493540884,-1.5117345598296192,0
0.010824914591389678,-0.1213688974726772,-0.024727085511432767,-1.7240618108680354,-0.635225647245747,0.5969156384154746,2.598822900074582,1.677571877855344,0.1887762195919902,0.29142659019167283,0
-0.927952423647536,1.1832508267688366,-2.7386019693877914,1.1912606816318325,1.2904300078996656,-0.6691637955928322,-1.4605008994184878,0.27748119097194,-1.2291066239821604,2.0189308486940103,1
-0.15943360471310108,-2.3237705315331016,0.08488837167596786,0.4676901038588855,-0.5098626399842717,3.4170354833636463,-0.6891117977217902,-0.8517648189823743,-0.5536018929202651,-2.070487629009123,0
-1.237945284740602,-1.7581153551289885,-1.064760063692518,-0.3617238360933866,0.9589614614263993,3.1321458619390863,-0.27595145169613816,-0.5306462125060583,-0.8997540687237837,-1.1143639923682087,0
-0.3711868806232782,0.011117077480405246,0.8013331068949416,-0.3262337044413596,0.7225137541616804,0.8722477697189057,0.1351903409873859,2.9963558149008236,-0.02412073902914763,-0.5664312824532611,0
-0.6947984965974884,-3.6317249950355412,-0.6177473143981567,1.3592975993648058,0.48549385077894125,1.937653096916124,0.3865862299051922,2.234827329933115,-0.15151432261188957,1.4923746601850594,0
-1.2176164731420294,0.09485174641273253,-1.1163159441449657,-0.11766730219285336,-3.2125265560803538,3.2353977091791526,0.6353291952162062,-3.1747181555554516,1.836541206098518,-1.070325849631117,0
-1.6236949614447362,-0.2081882411226822,-0.9052247732298212,0.7075918219746196,-1.5951248975324988,3.6550685439213915,0.47463348556679213,-0.8064127314559967,1.1093704772854172,-1.1994596979560388,0
-0.35901041116474863,1.7457777889395918,-1.0583702131419763,-1.0588001482478198,-0.07003164843628396,0.7099703278527236,-0.8246120097650219,-1.933129636064904,-0.6851084338867741,-1.2665889826337124,0
0.3008618801534335,,-0.8034468554152913,-0.14055348550243169,0.3341149769785905,0.42460702207828205,0.709410980586605,-1.283787845317311,-1.1460507333539143,-0.19711942922424674,0
-1.0784705222581374,-1.3080483663160334,-0.8629528385150858,-0.3777648875224771,0.42499496644373047,3.6999699203116134,2.3674143640271215,-0.05087787985878445,-0.918678533542416,-1.792742243841666,0
0.8955275529736293,-1.7736372026808227,-0.39960114483294695,0.741073780682286,0.742419046272382,0.35280505745646784,0.6865677467531761,0.9855957037058345,-1.8022182324251834,0.18502330479876228,1
-1.3549030054474513,0.3208002701361803,-1.0361534684555025,0.4512260161360988,-2.531057858077515,3.4732442308018676,0.17648418366295282,-1.5867966937195601,1.396684582792131,-1.2243209786644378,0
-0.5234419913882113,-3.0593389984979966,-0.8328286804914934,0.008857703668895378,-1.2468331665890815,1.9453704536628609,0.9758233372885634,0.7487665912182364,0.7167190802456029,1.5454785950432988,0
-3.0397391865713557,2.203010809717985,-2.5604888820964944,-0.7402322525487084,-0.5831347397244607,1.1790220690168391,-0.7329260381085351,0.4346452541910524,1.9479855679974716,2.004992069993554,1
-0.3045360798248483,0.5631725973756201,1.664000451513631,-0.4357644969706192,-0.01492901914392708,-0.8432045337325805,-0.17284567481411092,1.7970414175570417,1.631316825395011,0.19478194125679682,0
-0.6352928014281949,0.6563278532246595,1.8694430568984455,0.18198988262279764,-1.0519994940890762,-0.815807112920163,-0.4377373224043246,1.0797583923250467,2.918560710593212,0.4991985711432183,0
0.17804359245580992,-0.4537160424313207,1.0842000558614395,0.43712677973105185,1.2176779303639425,-0.860421234925884,2.441221722471914,2.719161083393558,-0.06731379903546703,0.5062095301789746,0
-0.6218934369644639,2.233674343868203,-0.1291090648411808,0.7025333139338557,-1.0310425096849845,2.601155446610736,-0.3677845265710552,2.799190364992185,-0.05945166432589655,-1.9622241660948079,0
-1.2167536794445948,0.41211944629739117,0.1176321621598424,0.5374787046064285,0.6801051035240198,0.895262093442228,0.19507692542260213,1.6962679770042703,0.6217015280606745,-0.09352772662130171,1
-1.851639807993969,1.1666423587936126,-0.9714815040988315,-0.9823242722767759,0.7164370463623981,0.7705108195259844,0.5009173290858575,1.6403366789479314,0.718100791190663,0.7840817881820945,1
-1.257779820224538,-1.0059193637610973,1.914002393197457,0.4498272137265099,0.5490987776502647,1.2262878484796138,-1.2444864498888657,0.7908168325450192,1.8689992776512676,-1.0179558442968142,0
-0.27072572234358483,1.5506059867149653,0.940686144380662,0.4762403533876659,-1.7487298832482814,0.1291383073415422,0.09205513731199198,1.2963154315501213,1.8782147958691249,-0.20492627333478775,0
0.2880402321895863,-4.692490271429314,1.3237983587709943,-0.2846255042536789,-2.663194419914977,3.0776433448993177,1.495458245242957,3.9565257824246816,1.7041124326409738,0.9171957271175366,0
0.22140729845708873,-0.26258668330728696,1.3711448904611345,-1.5449359221534005,-1.4974483725838532,0.728338875058234,2.1458249250764885,2.555526837964539,1.3196208784753467,-0.18147816369386316,0
,0.9982953462245352,1.08289396873809,0.6869566320986773,-0.7654544253714959,-0.747714694407398,1.953107198272574,1.0029662917454476,1.9053707912655657,0.4489450241310259,1
-1.508131577387843,-1.8484595906584715,-0.5622578324183103,-0.20435572664564833,-1.053971269656954,5.891139915717716,0.8913439016052467,-1.5183884346491494,-0.0031599138578273234,-3.3078195626507982,0
-1.0377698984438413,-0.8303552728836934,-1.0953789199849013,0.5637878750069146,1.0222619527406387,2.9538185640018733,0.014004967371380734,0.4516715014190895,-1.2868265755615809,-1.3183046514711705,0
-1.472992407933483,0.6053832353141383,0.7077855975475258,-0.9915270411046322,0.21256610260584075,-1.9727996370017822,0.18301292831148205,-0.9853347292536934,2.9158467054620867,1.8706215514744637,1
-0.09771138099809273,2.0580136390647987,-0.23555032430816292,-0.8351245039722351,-2.702544943312195,-1.6672848137130574,0.32699451327009765,-1.6213824596536806,2.4518394681153723,1.5305917842253898,1
0.47918135544812146,-0.8143265753185176,-0.08837107503551911,0.059905256796438384,-1.368994421363464,-0.7913319904644556,-1.1419418191613115,-1.5346582838912193,0.8604608348252147,1.1283798300157966,1
-3.2397109100138377,1.1338185235748681,1.3595962814240514,-1.2689825772544985,0.6213724144775938,0.9701513307788867,-1.756868699401502,0.517619709406332,3.792010820184763,-0.21306452994478864,1
-1.5861100507938217,-1.7500725465857614,1.5604065125569901,-0.1539976651978317,1.1240735207691435,3.627255966070571,1.135947845943822,1.479682131108041,0.6764123569699998,-2.5808706571505033,0
0.16134648084526737,-1.2609980301201507,1.1198051499296862,-0.36249900288206854,-1.264572738545532,-0.7318274966583871,0.03433338856883548,-0.7642543860647872,1.9124142633302632,0.9335411114390353,1
-2.3155911267531795,0.3226060626363427,-3.218648176034595,2.4187777793134635,-0.4292869521090159,2.5626840811895453,-2.2185699659510996,-1.7794658385895339,0.21592189211207335,0.8238414395402369,0
-2.0033780247725885,-0.29481641407410475,3.141637089961786,1.8338965460243755,1.016296619811794,-0.6384025849231565,1.992036635959309,-0.32156430435258043,3.902694087782444,-0.37286258408780903,0
-0.23922056650233803,-1.2062083318802213,0.3280306590985389,1.9435288811221971,-2.484451420560662,3.9191673359059265,-1.1918747041912499,-1.196157944483896,0.7596247379918597,-2.474329374101398,0
-0.2815714002274955,-1.4839864115676158,0.08065288814246063,-1.1709248938074537,-0.9987674602891268,3.8191548735826646,-0.3265358525345711,-2.054121409027668,-0.34626572962726165,-2.985291486236128,0
-2.247952721963339,2.2048280935925426,-0.48650126433304264,2.159121154603292,-0.724071299116354,-1.2580653641157253,-0.041248128979203026,-0.3470890048255013,3.340257158292741,2.281601531454778,1
-1.1320803580077075,-2.190527328726944,-1.0294848774500813,-1.0188699570667352,-1.8390900014020977,3.7508089867702776,1.0400578907933893,0.3529681692055129,0.8625902990571372,0.0005430779157726828,0
0.38821516797722566,1.2059800739408992,0.86970934945414,-0.47655380143352466,0.6046089629962612,0.3253335930230041,-1.4308312016246718,3.273006511540126,-0.7998759076611659,-1.1694929121505888,0
-0.7549577779403132,-1.162627544926213,-0.6481198208050559,-0.2209317249396126,-0.12095592914971898,2.3366742883984957,-0.05883285413152221,-0.5127845597730221,-0.19916793288735812,-0.780064725897415,0
-1.3129933519891264,-3.6217647377133737,0.013285607739711658,1.2744402278489033,-1.5389498868692688,3.948284352133197,-1.236478286592349,3.942170438873058,1.5824907967951178,0.9957066539918573,0
-0.32493937700309217,1.8231267230409571,-0.8528180027120489,-0.33257937984987496,1.1963499681682008,3.558051465926619,-0.8860402469783771,3.84921173425162,-2.8878945544277927,-3.162590936615936,0
1.1503778565388134,1.6007903208918541,1.7542850555968121,0.7775960617922721,-4.133118661642921,-2.721744924813971,-0.5289163791046552,-1.5711134013790118,3.62294198896733,1.2573646192514816,1
-1.8059086585380244,-0.4199290433664884,-2.963204136974612,-1.556951086706478,2.334513508622039,2.2007261903124693,0.2023833705986952,-2.224650912543014,-2.068963543146895,-0.3977563451759749,0
-1.9820634010373497,2.2766629586016003,-3.9066544252692865,-0.7377367046848409,0.40672577390739173,-2.747291403749057,1.3663894118544384,-0.06635218365185125,0.8782355908221904,5.379805900156694,1
-1.2268190173886362,0.6122066061107647,-1.5321303422059185,-0.06374528550396617,0.020520954106647893,0.37378338283435963,2.7107942990405327,1.5412879516522966,0.396276254072898,1.6975157791522637,1
-1.1456112374072365,0.7749648120435104,-1.384860742705536,0.7043362098540789,-2.026567503751191,3.2212869716281647,0.9653266671611266,-2.492904184802156,0.6022635696898726,-1.6663520422112867,0
-2.0079403844154617,0.20428280223870132,-2.769206295808959,-3.688365291428444,0.8132271736250687,2.783537360446067,0.23545579511111434,-2.5878424638730078,-0.9267665342389182,-0.700212831378366,0
-2.220848657298236,-0.9298461955047067,-1.53290879096066,0.6672451474292419,-0.7079439352256255,4.677934569265697,1.1892264612557852,-0.27376932459085435,0.4920642852894046,-1.2033651074492864,0
-1.088514498690822,0.8581461073847629,-1.8178332416974916,0.5975377058947282,1.5111321424840827,-0.9489767971153903,1.5360611817095284,0.8437386874243507,-0.4908695298180621,2.0525880426626943,1
-1.2022571119834464,-0.5883867836506311,2.1156990539412837,0.7344767450012178,-0.75917662287873,-1.5742329951161713,-1.3537546747097586,0.07145210880290997,4.102824207768951,1.7748137653508511,0
0.3174965617570886,2.591441291126648,-0.3492412091695536,-0.31469082878809246,-0.23399834804366582,0.18317678249213623,0.03757485933586561,3.064590468343341,-0.9286738840115327,-0.5998551006853645,0
-0.77159029988128,-0.4568334005926219,-1.4218807843095673,1.1711019716695594,1.247838620629989,1.6949545154853034,1.3106059128134633,-0.8235606643516958,-1.4599604927524479,-0.7449576701720089,0
-1.1231784427878448,3.3054797765354347,-0.47174816180977697,-0.3444772087524527,0.7965327703994354,0.04199973972726878,0.2572534211115017,1.6114769765797212,0.013721837719362195,-0.6212357790226717,0
-1.7117300194939449,1.4295735662549363,1.2694930280134473,-1.7260106186667665,0.11388359480008359,0.6104344366401757,0.14299063480921648,1.3481267021632384,2.2979641532348953,-0.6184554511536988,1
-0.738620389109482,-3.238884015214337,1.0393333949601873,-0.31207193205273287,-2.0147512805939325,6.288588857965973,-0.5587958188849573,-1.1764796697660138,0.687732947180357,-4.0218615906022075,0
-2.6544506313108744,-0.023150604363572302,2.9982103753346987,0.2680504275897533,-0.16779592431001045,-1.0294974916576853,-0.31526633391625575,-1.713010587455087,5.672282257535889,0.5905887474923468,0
-1.6341498784261639,,-2.7988856851764434,-0.9243573336303755,2.7248079816815594,0.9175875703328046,0.4612720843178312,-0.7194000011232562,-1.9576960603625748,0.7404131144557811,0
-2.4932314257542076,-1.383189549709626,-2.1752700154578912,0.19540322128332027,0.368404021949599,4.757615315608289,-2.245585897565163,-1.3685316464454864,-0.29386340042613845,-1.2348180298698779,0
-2.139347529170295,0.651020904970598,-2.458408993132673,-1.471126405373518,-1.6992741288459405,2.787862027916362,-1.917348886010299,-2.8731865665758285,1.2246191816286007,0.03792959471821522,0
-1.6130613824049693,2.175040001424507,0.8522453925326569,0.49201428056689855,-2.8339687963878006,0.7599911912556554,0.3461173287977227,-1.2313434810821837,3.9648970439258675,-0.37159678548650876,0
-0.7446007904121292,-1.6679442781879197,-0.0955205346480158,-0.4572185393191959,-3.2345950871509683,3.8447397442476503,-0.27464374936629743,-0.9022457838628507,1.8259560467631308,-1.0290823446150061,0
,1.4148412525271326,1.4960409780285109,-0.7171819007224715,-1.0340039271044048,0.7677027138184038,0.43235271420033994,0.16625589014081288,2.718684749085657,-1.0355047677071296,0
-1.4211514210247742,1.3392568679170314,0.21708984502356232,0.43623570480105506,0.06151945902173028,2.5127443488810552,0.5055578532150077,0.551017320013081,0.5223853699673153,-2.20326538130835,0
1.193996181800419,-2.3738106807272095,1.6948469547884817,0.33899351380941967,-0.9444384334696877,2.5197520178685795,-0.45669761502324635,0.9777640764791822,-0.6191993322455791,-2.4835311059364944,0
-0.241548139824605,-0.8742919053300271,-0.03572062535612741,-0.8395275580176573,-2.87708080145353,3.7252225322891586,0.7597872369530771,-1.4975098154763877,0.8865519635335536,-2.1264322591617484,0
-1.2152879186920937,1.8720370997152915,0.9161787181822159,0.624903594654043,-0.380789688497128,1.8050595768332143,0.023080658950420673,1.730481973112036,1.2234415521351152,-1.8499922345479556,1
-2.0794598967914606,0.8243950007485017,-3.3270747340446842,0.31412949645066596,2.4440490336362766,1.1921136726864763,-0.24897365528067522,-3.2791327185964594,-1.7443411209414263,-0.009667710831714471,0
-1.0834068073856318,-1.5089293593668156,-0.47522424110499983,-0.5054897554445111,-1.1743943207453256,3.874122135687409,-1.2858640172797149,-1.30996140751488,0.4614605482758771,-1.7373034811873256,0
-1.5830737794703622,-0.5923697563089991,-1.6620478752024472,0.4000000056135664,0.4527438998341051,2.8505498644209464,-0.22694246613792435,-0.1075086064747488,-0.48031504234724864,-0.45696171599190527,0
-1.0234435331713931,-2.3510550208637486,-0.6754335126200565,-2.1200872151201744,-1.0928482896061023,3.450685164209272,-0.43145564455988483,0.8925663602896194,0.5277908306794727,-0.11752922296668855,0
-2.348765741498684,-1.3543891682623102,-2.614965348580055,0.25473113738020947,1.7006264462145055,3.1155259365570362,0.9942988266876233,-0.665913542261339,-0.9835782603098604,0.16296414051270247,0
-2.1689020761453373,1.9931410639854263,-1.515158354979028,1.889278795503996,-1.090090715352933,-0.7783864124958026,-0.07285768884105508,0.07842245966547234,2.742656347157878,2.8548845123851008,1
-0.9507291881887399,-0.5730370156030349,-0.017325915285181348,-0.5552861026010363,-1.8487089079304686,5.337719758028784,-0.1605596095017974,-0.8117101029871127,0.24297667314218163,-3.6655710128206143,0
0.5909643820328145,-2.887037308103882,1.8428093732853483,-0.7248610838000522,-4.6350203234469864,4.116260295377971,0.8100272385061165,0.6890831385067921,2.3454693591702114,-1.7776452131291394,0
0.8882433575418895,0.9044814976287952,-0.21209231420310526,0.7026599984993058,0.8885745340993925,-0.04741470764511069,0.3857499681816948,3.9398997602883465,-2.046377750465695,-0.20849604351761553,0
-0.43945564487510125,-0.022023478870627278,0.878068206889842,0.05519924253008922,1.3917219405916323,0.6130782314944646,1.2904607413763498,1.1304725835768317,-0.26456645077577,-1.1743320966106623,1
-0.27577498501721476,0.1316855806225573,0.8856982457383056,0.7320809514330224,1.8372576852430382,0.3606837871343346,0.8728170831783344,1.3864302017042258,-0.7112787738233415,-1.2696936957307856,1
-1.5957687236738907,0.7131571846412414,-3.1567893194213736,0.16336035491580048,1.3683730249110213,-0.018033092105252058,-0.9793002302826354,0.9797221905465366,-0.9035659284751418,2.593542598081274,1
-1.037126033924474,2.120833659014146,0.7284795050825899,0.3463127102248866,-1.3665639964547025,-1.682164555218628,-1.6171718900455445,-1.3844911711892203,3.1870461188088015,1.0110177214542981,1
-1.4314207418636251,0.8164817925363017,0.26417057678303235,-0.2655926332624114,-1.4339614242157694,1.2838406653918693,0.05786404742675647,0.0005117668109793083,2.3242588348119675,-0.16201979715965897,0
-0.7261604822348331,1.0651954294406494,1.1148190744524955,0.678728069279419,-2.7847303391385303,1.3476199159183198,-1.1909165059737268,0.0718894113218792,2.8560234640591124,-0.8080557322246513,0
-0.14455930880601486,-0.9189015182057045,-0.07667633490951098,0.6091355190535136,-0.34813793199513965,2.5464505165793607,0.46425123812300356,0.28869491745920106,-0.6147172564794041,-1.6199071878583302,0
-1.8737196788724542,0.044466512066758224,-2.2215633836481086,0.012521864329786338,0.32425964528879936,4.050708280052719,0.1652400500649252,-3.35824138479157,-0.9682144956699741,-2.3519670216639312,0
-0.9733180637344933,1.052131009238539,1.6189179874634418,-0.4661886119462229,-3.648267649232125,-1.378182421696719,0.42243497290143983,-0.06545053486887875,5.344352553957969,2.144094395783537,0
-1.647551819400443,1.3795796709871784,0.3523293981416733,0.25675079866178757,-1.2747096632829136,1.896667551977733,1.9333597477143571,1.2745294565142102,2.156978836238462,-0.6752529487869185,0
0.11925897911404859,-2.0739090399666593,1.5548481765572992,0.4752586047173115,-5.502138795895003,3.4237024327479926,0.14159578673988282,2.7620349638284907,3.6075382366782787,0.05136694129491315,0
-0.3333465415184774,1.1832915613113077,0.4970941734774966,1.1971680272478535,1.692970869852263,1.2869201567148183,-0.49913895147036563,2.7130747670588584,-1.343188456095952,-2.010929153674036,0
-1.7035218284490576,1.0860195425426218,-1.2766237110898715,0.7132662507965424,-3.162535768878151,4.338283849412903,1.3142265757035791,-2.843361638717479,1.6647542928104162,-2.180064796130818,0
-0.41099751796273865,0.8394730737125257,2.339437948652355,-0.4551989048161591,-2.0449278082370377,-4.546778374438013,-1.349925637861273,-0.053947507281916884,5.316850405896684,3.7720765986726272,0
-1.002537013770863,3.7047342483215666,0.09516593464499246,-0.8838688951407293,-2.5973841911024103,-0.011389967964126835,1.6814924574180155,0.3624043960885114,2.687903112763185,-0.03733035823942121,0
0.23950915613090173,-1.59241075534054,0.5310829409372226,-1.0500547898231862,-1.2256174279567786,2.932276386347252,-1.0559898119268434,-1.4536519593979929,-0.16257145835371437,-2.441652848877103,0
-1.8521899293376083,2.0551841265514117,4.178751837558066,-0.38003684628935364,-1.220324519261653,-2.242097437763241,1.030249693969567,-0.33674130879905795,6.333211746657375,0.15598339579023957,1
-1.32841237281273,-0.2726088158418587,-1.3768728598454345,-0.3952835480161807,-1.1481254009670157,3.806806211843057,0.6581430360025633,-2.8977889609281013,0.08149539289723662,-2.0707810159735605,0
0.021328478513389593,-1.1069641411404598,3.4499775515682507,-0.4268041949352576,1.20909627327545,-3.1228188587483827,-0.8208789224096867,1.4999950631334003,2.619203657310058,1.3000717418967418,0
-2.0517695191217964,0.9100066600455725,1.6694859915675737,-0.44480683817049027,0.7907371904830991,0.8675867660072074,0.6909109573921928,-0.04011704122682702,2.419955186325021,-1.3399459836337382,0
0.19857333836702717,-0.060251408502461024,1.5969111164570313,-1.1630426502846019,0.19702211137936665,-1.6127486755363967,-0.24936962517248124,2.0213120045705986,1.2444724652054944,0.9491264201966336,0
-0.7389872721700728,-0.594362366862023,-1.4899573541686375,0.6636463470328414,-0.6569574885005545,0.7948355466578689,-0.7596730177525534,-0.972983771278928,0.3165708119196306,1.1116891944821625,0
-2.5779613360977436,0.8848222802662467,-2.660520539831266,-0.5969935884209324,1.1790755428760682,3.8569539587114194,0.4096853437465497,-3.0768029185678247,-1.0099481650609121,-2.122850301110957,0
-1.0260098360309582,0.5012469984628887,1.952015895387716,0.6874267551265042,-0.6704783821334519,1.086471716875774,-1.0989162547281939,1.0791330065655096,2.3343263015154125,-1.2600589396294497,0
-0.48767999756072256,-1.987702706471179,1.2831373945838158,1.6370824079927424,-0.6676428695369107,1.608026250420401,-0.6304584541854775,0.014048773908501566,1.4284161164181515,-0.6663177857784661,1
-1.561719404157568,0.21090896777154733,1.2478924446642659,0.2450386643154059,-3.220244805845393,4.110705955421841,-0.28790607686792025,0.6872652653745561,3.1916887091600814,-2.1594582368526005,0
-1.250253255327678,0.29095702281689206,1.791319932846674,-0.2580455156111615,-0.5719116762415344,1.9881315530707844,1.0653762722596027,1.0121816568949218,2.0766202658797623,-1.834635194066324,0
-1.0886759707776474,-0.9414074007136746,2.3738957641242973,-1.5325182768296637,-2.351200099384836,0.966495838491495,-1.2511991366336779,0.10950495635848068,4.196202489045461,-0.0645462381940205,0
-0.8745044210127334,,-1.5281656657199272,2.091094272732477,2.8928458838515345,-1.6233347634922322,-1.4023692834238248,-0.09309494641752569,-1.366663151301481,1.2676045390873771,1
-2.7794373349101167,-0.6494008251555625,-2.0755557151717468,0.08939527893161327,-1.4447622634218906,5.545660836046856,-2.0683757154310323,-2.164305840848455,1.0107213631114558,-1.6711535835703673,0
-1.0430873799963987,2.6766029183465108,0.3570495493706001,0.45721306369251385,-0.6708346594523767,-0.7051748025406972,-1.5681443134200506,0.7386066110350404,1.9231980576516408,0.2921418251048107,0
-1.4019744921617,-0.2112500126091258,-1.32567353320052,-0.39828303354254857,-1.3915646058761864,3.8820931653710806,0.1551553428653563,-3.2663009622086703,0.34337630295407073,-2.1565918617530273,0
-0.9654256072492194,-1.7851265481383547,-1.3241099712868276,-0.44027463685080354,-0.31726432408762095,1.37843184889251,0.08797354712916895,1.5504753500808786,0.35646964527616476,1.8648259057450876,0
-1.081006335570448,0.8219722329824382,0.8090100254573569,0.9459295852703784,-0.19936330562333726,-1.732769511397699,-1.4419103561118092,-1.4598089744491722,2.643202905984244,1.1949792186335704,1
-1.7292983131127257,-1.099889329223329,-2.565621711075492,-0.23105953684089858,1.5041929534795573,1.8401221294659635,0.30613455310275534,-0.6594309016595179,-1.053558964558528,0.8913230629722178,0
-1.7008471205783082,-0.7939570972782071,-1.2351099378465848,-0.4030658680367221,-1.1114836960846,3.031693721121206,-0.8544934627380543,-0.3203123551545608,1.0318809436355343,-0.04686154207972204,0
0.07110523344289987,1.1597942011006193,-0.5088076891969662,1.67286820189853,-0.993667272182882,2.179525272896061,-2.350455852624361,2.779974932386093,-0.8204926897489303,-1.227931083249472,0
-0.8571623091263697,-2.7418196669445467,-0.4104667801895169,0.8331794312701818,-0.5770989604218648,4.085524706706564,0.43915013370041756,0.1751185115251579,-0.14271370748705448,-1.3003029313746337,0
-2.3895062995613108,2.1115958519628126,-1.2782134684016864,-0.05154220860765155,2.1411084644174845,0.20902254663648345,-1.0660321716276806,0.4492233806173834,0.2706589068105667,0.38916977300594,1
-1.595759473784441,0.6856954051244009,1.3777975657722128,0.5991033318635947,0.6769626096841228,1.5878346913464405,-0.1683004231716427,1.2122428660681845,1.4643901040953131,-1.6475916123143102,0
-1.338799451248519,0.9396508211484413,-2.26591835716674,0.24495709317200393,-0.8394029830399038,1.6270650886482532,-0.4554670562497405,-2.7144940362841057,0.15829854141724975,-0.05455075733560266,0
-1.6455064142107232,2.1169734225641745,-0.4348112170783016,0.6446898032842333,-1.4845322291938319,-1.607044767987718,1.5973972932216232,-0.6735501703200275,3.348802983226438,2.451601420600828,1
-2.4324468723880566,-0.03973368447179049,-2.743912540246277,1.438169201145702,0.8989952316809005,3.8523146004793722,-0.1720413592654725,-2.798459269836977,-0.8855516543610058,-1.4347109868344858,0
-0.25206278393740456,1.524232865450398,0.12425896210387188,0.12417568474461345,0.4605807335749892,0.708878709957023,-0.6982618487513923,1.6589524368328998,-0.5231264403019038,-1.1722255446055043,0
-1.1576661509888773,1.427872165941026,-1.0445455072219225,1.3098651694335341,3.3254492473454906,-1.101501930087838,0.1934485749917961,0.28913720179876756,-1.3391120948987456,0.389043432875088,1
-1.1590757964928649,1.5353457436893108,0.31301766832743816,-1.3048168904329494,-2.1524234215995373,2.8712772019595034,-0.37563366071734017,0.5330790499193653,1.7069779955103481,-1.8915181164745791,0
-1.6059857270329165,1.2252091187379321,1.3065288469335397,-2.205294372755906,-3.073857602650867,0.9856506129606526,-0.3863224754471755,-0.2417082527462946,4.436923069861976,0.04124834037654379,0
-1.1468033573011058,1.3326755681284697,1.365937207673182,0.38142561753434195,-0.26904009421269626,-0.5916619982858665,-1.0260808441956244,0.10345046964249516,2.48999787287053,-0.049649425527374946,0
-0.7021211665233316,-2.0058172139064023,0.21273894383273695,-1.1497074728974057,-2.236457413212055,4.34912780154861,0.19112423383639218,0.4825126842593437,1.019368418351791,-1.6339956583580684,0
-0.5929708307858595,0.039739159049121064,-1.0966291311138958,-1.4035586295636626,-0.8841461705043214,-1.5396415454252632,-1.5530352778398206,-0.9501344064936476,1.4870963730759224,2.833121741194758,1
-1.4633528236748234,-1.634897661634307,-2.1264849482443116,0.29787619102384516,-1.450481073848167,2.8373720534341382,0.7474449714270559,-0.43511736427850967,0.6990284143626745,1.1656921851855397,0
0.07410885113692922,0.12647361522306744,-0.50912804755983,0.6079475670057539,-0.28563802083595224,0.25477019814906515,-0.8464978028689073,0.1117316218888793,-0.3059130214172208,0.1292941445347291,0
-0.032933071957094495,2.65239640223081,3.3713912396235584,0.6746949778086199,-2.090237369555835,-3.2033425938412616,0.9475119085755672,-2.7226070060916943,4.571418808455831,-0.36364704076250653,1
-1.148656536557097,-0.606329955228833,3.4716791506938813,-0.6161434580489434,-2.4890165323111146,-2.9845386847977884,-0.5942108723816666,-0.616758283834989,6.746666585152803,2.855264802661839,0
-0.4441300379300265,1.8996643853563422,1.4864316860456965,-0.8218148284213459,-1.137598582543576,-2.218940343557546,-1.1370328831474874,0.27086534235971316,2.9680519809159103,1.1122791090936244,0
-1.5862718774610838,1.2956303925005817,-0.38576298720041935,-1.3700266273644293,-0.5629820412391771,4.682227009740113,0.4385792909210054,2.5779663141108875,-0.1314540638321524,-2.907615364773751,0
-0.935220425297306,1.128455180032157,-0.24297449325099518,0.3064508629633407,-1.190536121914805,4.9042906117244875,-0.08225369967145317,2.3638321538795593,-0.4798348986597164,-3.391499576580671,0
-1.262016424080496,2.0270229571150975,0.26322087956671747,-0.9464907959884281,-1.5614519742425195,-0.8579780689990245,0.8790141545570074,-1.0617003879912148,2.9919959035474006,0.9115501646557285,1
-1.1255095731911775,2.2427808012149884,-0.8801412099816381,-0.8980272263244584,0.5703472574960313,1.5323453928530246,0.7841464163534985,2.284953695973776,-0.5593776005956956,-0.9276061093462342,0
-0.07920944020983134,-0.07766685564507303,1.2565534340071147,-0.5974788580244034,0.30608976807767596,0.3391954537990617,0.7492825568794513,2.3016266149831313,0.4351780283827547,-0.5236020166266498,0
-2.204232511969268,,-0.7295271868238173,-0.5491589417637764,-1.4219222120084325,6.652991567278317,-1.9354299597138063,1.053093334550594,1.0410613090929193,-1.2680819096865352,0
0.48363774776362045,0.777095373099091,0.4542266418402272,-1.4028661572078547,2.363479634073765,1.7811585635137346,-0.2805020534116174,4.8128559779725135,-3.073110918024665,-2.542811267941617,0
0.43807772480849994,2.8670707280210275,-1.8660823482842348,0.8985117045515645,0.18241875634832172,3.105063579375022,-0.6181604486836274,3.6671780230783484,-3.630127805678215,-2.766239810381133,0
-1.4746047062062837,0.20223513955001848,1.4222735369048032,-0.6694369136334904,-1.6279387030014756,3.721216149218388,-0.8534954800613416,1.1192984891146094,2.166270117014622,-2.5700433583106124,0
-1.0623360240495083,-0.39773929380900874,1.8817714170759121,-1.074661039432863,-2.526007438812941,-0.6007393538285052,-0.06727746491353453,-0.7597934376749236,4.6443559552244436,1.3277924158688164,0
0.2240216762703251,-0.38316253316540416,-0.050442209190671994,-0.6417271436521294,0.09996327389486503,2.1828281992070107,-2.954248941242031,-2.059139368714601,-1.3124086930158134,-2.7811221134586788,0
-0.49837025308863625,0.5735965281632365,1.0187378257592974,-2.3849055089505824,-1.0580124235224089,-0.4597197255929764,-1.9415678006202213,1.0218041127604738,2.1171785774232244,0.6425090878558326,0
-1.9314319394142658,1.0888320257307498,0.9560790172922534,-0.04427331984464883,-2.0877049046120124,2.449344048543111,0.1869902097246643,-0.17868022976743192,3.2678547602499233,-1.3146547729811306,0
-2.1342339978796225,1.9375351511066436,3.619739517388288,-0.5041286736516637,-0.13894850595043873,-1.9913286692988632,-0.9289264824607304,-0.6500730043807751,5.469560880233502,-0.048300761713740537,1
-3.4030916786131384,2.617594707682061,-2.999647886448797,1.3094441014026479,2.287189207262763,-0.39437327925149557,-1.3154413070498456,1.2072492725822794,0.6593132024435144,2.792833683480252,1
0.5671354987449906,0.9523907901026338,1.5317532578298532,-0.19547264358597383,0.307682569156166,-1.3379340235236223,0.8197397172580948,2.8116790459767316,0.3701367012855862,0.058780050635741876,0
-0.9729282800593455,0.44139327182858534,1.6929863715135876,0.3018733807210118,-2.5245288051543366,1.3024892107521773,2.6378817522602,0.7940926653239613,3.4189112291344075,-0.5173729374668122,0
0.33852024936210867,1.199420543283009,2.3279469605538914,0.7890752013999099,-4.4141200216562435,-0.5721439134175111,0.9531762543293538,0.13779449105575026,4.267165574637508,0.2120744373391228,1
-1.2552712665980907,-2.514961824212248,-0.9847559339545295,-1.3992282592246312,-1.3851038587554734,2.240571716683799,-0.7348108975341908,2.0898715046252976,1.436259590746357,2.0729142456616945,0
0.04598195504379965,-0.5672758944805862,-0.0571169491256569,-0.12058718847346953,-3.227257342170808,1.6240199294774917,1.3304323443788164,-0.40051632975178464,1.6754040017169434,0.10292582824535979,0
-1.5361783869462933,-1.1105593695462375,-1.5310484235217758,0.03344346797315094,-0.6890201139061258,3.031619011920159,0.15809389857678602,-1.195972519819176,0.3920713011593113,-0.26146102259295634,0
-0.72697024815969,2.585152101633103,0.9948401118438659,1.32099578954071,-0.02544545948072896,-1.97309123864995,0.40226807720129804,0.1982982865094607,1.9955661126019488,0.47557115097588776,0
-1.0450898525502437,-0.6324611320327947,-0.4143861628277674,-0.8438538774248993,-1.2447529265266315,3.4807810080119337,0.813280406064593,-1.099647342403289,0.5402289101937408,-1.8084542359032736,0
,0.25638244806486,-2.053101521106429,-0.9969316264021268,0.5183892180134353,-0.7832618720541686,-0.9331060771871093,-1.9214697825737193,-1.10599796617196,1.2632055899330847,0
-0.9275218856831353,-0.3052494971971351,2.137420321561282,1.3992279500711593,1.477950734449891,-4.485734702643614,-0.20020125430036984,0.5483217241335661,3.371668358725067,3.3949410742355184,0
-1.3520244145804392,0.11759865460116115,3.07072157908701,1.667256841749534,-2.1095998830191283,-1.8740521801247843,0.29722722158508635,-0.9373499959797447,5.874627076890544,1.4816519231771812,0
-0.057290971689825665,-2.249408666339616,0.22966141574020438,-0.010465129052729338,-3.637625179309549,2.6096618431065575,-0.4283182577977557,1.5907017079821775,2.085495534802686,0.7484408455923566,0
0.08766179578850197,-0.21821660862698478,-0.231106594737846,0.02443184017803416,-0.6034932429475981,-0.034644049739341376,1.3491790488887052,1.7322838796458107,0.25269717360275723,1.0606488834108805,1
-1.7783755080062842,-1.6829764852589022,-2.112645391200144,0.0022316221624020006,0.34925909371379693,3.323554704322281,-0.33787777547380676,0.014686673511936643,-0.45540310595951317,0.21895554301385411,0
-0.5355803788089288,0.29810677316825496,-2.883934761930221,-0.52738906163962,1.5768431816242816,-0.6945211628120302,0.7690316554422755,0.465772045403122,-1.8729782792782022,2.2650793871928494,1
-1.8155975207982233,0.6563736187408058,-1.1060788036295262,-0.38448912104151794,-0.08280912821277353,4.788503393148328,1.1037200137225964,-2.727199066190008,-0.5375792991059809,-3.8429158012401894,0
-2.379074710530131,-0.1608007888000662,-3.0733389397618707,-0.8550954744092049,1.3098680863131702,3.274289432339865,-1.0006293724832407,-3.2803073240376563,-1.1640134025751294,-0.9483359216022634,0
-1.314334249822049,0.10863867012549955,-1.630050804768561,-0.4693464664267112,-0.16048425789182685,2.2530439098433694,1.7279638353817652,-0.23702361438764752,-0.1821062263992479,-0.22606370884062,0
-4.7244330025882935,4.21309949674517,4.09215536030483,0.5704873308635735,-0.01575371564610073,-2.570560392322536,1.277856655030514,1.3058785500777699,8.826440113226205,1.4287770287153978,1
-1.1224458481493214,0.9225363576784318,0.006269253613319314,1.1381503309676184,-2.1187376679414873,-1.4343132038648014,-0.6973642279161708,0.12328964033608658,3.5176862608923782,2.802278005013374,1
-1.9635788322260441,1.0599497573482672,0.7134204853472378,-1.3996815047326863,-1.5824306127352674,4.21378158156523,-2.219777947451851,0.44792948977164004,1.9922516532531727,-2.9263440811420343,0
-1.4550736934386033,1.7523819088231427,4.315612122166347,0.7230379395798638,-1.0058385608125486,-3.1665054041777023,-0.9878659101397719,-0.6812453556194238,6.216789459209183,0.6535005396560789,1
-1.1681647130014312,-2.78012691205916,0.1584109641657414,0.7445863984731299,-3.7035160280710864,5.868095995657591,-0.19360951103550808,-0.2640257379332418,2.1102372822653654,-1.864173647245405,0
-1.1269042892255736,1.2176195389041775,0.7156303490667344,-1.7930763979123896,0.6423775788168173,2.5345892537785133,0.25373729677483314,1.8320374651738809,0.0028811044436272137,-2.5983918165089763,0
1.505638997523723,-1.1383924664862404,-1.0858891849990857,0.39946937260218507,1.7121650772106156,-2.144806142687851,1.137381097628914,-0.415906824226832,-2.649654629614165,1.4428032001383362,1
-1.2727027355440244,0.9353860568180665,-2.2526115199364676,-0.6566240707997048,1.5055067662481378,2.525036944712733,-0.14713950481410695,-2.9387008438499453,-2.0789849543610295,-2.189491796310895,0
-1.3146503352332934,2.035462442773187,0.5689493377956488,-0.26330780687791616,-1.1445765454297352,1.6199104866430738,0.3374820747263991,0.07164350269346209,1.78792234862463,-1.5921826742154046,0
-1.1445145081839625,-0.4174216675129364,-1.5949291025556742,0.001783041104608902,-0.3567334649414443,2.7050876227433407,-0.6026243046145574,-1.0802996715971596,-0.3502253947858307,-0.6990328624623894,0
-1.121206741423495,1.3865891777132509,0.9986206527961807,-0.09830984745437601,-2.164219208007887,0.8730241490982211,0.4394860480085117,0.24991080562699008,2.9910723069791265,-0.37679427176752767,0
-1.283441570417585,-0.41453553502577867,0.31871602585385506,1.7873464144298254,1.491782588346339,3.7001003096768343,1.3902553275119895,1.4410357888612004,-0.9314538198633702,-2.9847940838123352,0
-1.1874248958544567,1.8807073261151703,-0.3568281374161191,-1.7157083186381294,-3.177892872711305,-0.24847254028759858,0.08551332963959903,0.6598176690544608,3.493555525998505,2.034490293035892,1
-0.25521415376903633,0.18986582802743712,-0.581161698725229,-0.36515261319821335,0.17539685925104243,0.08212865352566236,1.7531948020655854,1.4485852733210174,-0.21075913558628098,0.7528654532447544,1
-0.6726657518339795,1.1511414273684504,-0.10557845285121525,-1.127263792554147,-1.135993677880672,1.3070509597497866,0.31047275418075143,2.3224888278441016,0.8577485211057566,-0.13083648652261282,1
-0.8684297695489228,1.23110041676918,0.8469731804135332,-0.7037103993314333,1.2486918994394678,3.5141683734392744,0.1454272174057594,2.8484536462054324,-1.1550679655271754,-3.847608467388814,0
-0.6529856445402256,3.2086740643533385,-0.5621467690752076,-0.14685352125530088,0.9689180514913689,2.7388660236081455,1.1910906831461916,2.8251515945696277,-1.9785786478002072,-3.273334596240456,0
0.18466787462066336,0.011593862921008169,1.4983724004429186,-0.30601395435740886,0.8815652601869017,-1.3306850183356789,-0.7615878650362199,2.9860347068709068,0.5508217856001227,0.6728932890401338,0
-1.9630132791582657,0.28583602563699717,-1.626240540552157,-0.9647897376296856,-0.48608899569793695,4.762190359922083,1.1870776787417554,-3.7032446372337877,-0.2708563930851653,-3.254076030445493,0
-1.353001315079055,-0.3366808673675883,3.9361299780776697,1.2307029049844702,-2.7159621810619594,-3.273258712994065,-0.2821257769339113,-2.1962094389691673,7.534133724858546,2.4608513061737876,0
-1.0969321211098557,2.6496072284931294,0.6737916783154252,0.4600423238604662,2.397677216934279,-1.0360347448913791,0.5789286485712348,0.7044261737690996,0.031026694975512026,-0.9975956292150086,0
-1.794156465170607,-0.42320353840800506,-1.1737635682151004,0.14197991387400533,-1.4893105763206145,4.377639959162453,-0.906215332047211,-0.96692993096773,0.7993369756190813,-1.5921449672109766,0
1.2003557033973564,2.0222235126656023,0.3740178190381327,1.3460997945142577,1.0780256032526845,-0.9632653357517824,-0.3028852437989931,3.9117560575797334,-2.00975945233796,-0.6474708342123501,0
-2.049219573482743,,-1.5782933419345464,0.0780074184788575,0.9093149059085255,3.8316375100645486,1.2827949688389804,0.9347191785468727,-0.3780360477142286,-0.12996583454170008,0
-0.7108581794762381,1.7181535411919122,0.7872968729219251,-0.04512289032405165,-1.5638535818385157,1.8748377786983657,0.1390286869531256,0.92684893970931,1.391338798560019,-1.8122233129392329,0
-0.04797027510407503,-0.38308305683767774,-0.9851156851105145,-0.8758148246462933,0.4830781962520281,0.9786610809382387,-0.70128957079155,-2.3744445223871447,-1.2366937141812935,-1.0195549274918503,0
-1.6948954610154519,-0.35619284904182813,-3.260341135244068,0.1697477679706617,1.9544764507226633,2.0780265774651125,0.396366956467351,-1.6215304104213581,-2.05073454570409,0.16909333966572593,0
-1.7376703553999868,0.25409940888267357,1.0113950650977808,-0.35799043441333583,-2.1884903857119875,4.45180302869057,-1.1640506324058255,1.3364091449824713,2.3440698351338893,-2.5243895950855455,0
-1.5226387822790182,1.878180467270081,-1.828973909613738,-0.15647737612315848,2.0361800896468756,-1.4856253454503743,0.5587238369444854,0.49624541158823143,-0.2550342287672176,1.9971136630705928,1
-0.46091367519637416,-1.4725253601803172,-0.19132515120079208,0.6994642468957021,-1.9627453609769399,2.8604431324418083,-0.3755000400755709,-0.28687840433940204,0.8752993667692899,-0.7178861095082985,0
-1.9847028266716265,-1.352477896840691,-2.719977930717192,0.06502463118878012,2.983873860578546,2.8516156532482055,0.13965167421589658,-1.2601175157181896,-2.3426284569143734,-0.5672487094986366,0
-1.9616119924287094,0.5499372472238835,-1.7311724605017471,-3.601085104459518,-0.14304590838218545,4.064484948991129,-0.2145376645179636,-3.4713123816795837,-0.31395046672898497,-2.726169561388181,0
-0.7395468587725151,-0.06640995815194661,-0.9325700336810729,-0.5525693461188524,-1.3543035222794404,3.054605763777827,0.9453117712358652,-2.4156788645970035,0.04995300238536926,-1.9318316089781407,0
-1.636831253565121,-0.5118062873714478,-1.0678370752093618,-0.8246503402906875,-2.24911657174925,4.73726376577001,0.2177182010871666,-1.1645353768521216,1.0796235614404774,-1.7927443244728472,0
-0.39949428826986144,-3.372228849288933,0.827575969328932,0.8102600443753338,-3.9767147324734085,5.088071723428191,0.8601826383951566,1.462581217152918,2.1625898833139985,-1.1241419609566332,0
-0.24348501682885448,-2.6583160052378214,0.9516744109542623,1.6656032136865273,-3.469763125028299,4.841821263027592,-0.7721923878043793,0.48764831499393524,1.6593814218602363,-2.017521792411305,0
-1.474328529412612,-1.851431021418159,-1.0284942372225105,-1.4791960183577666,-0.314298681071429,4.359684564512072,1.7754908492400483,-0.6072942517238484,-0.1705626882756437,-1.557300144246816,0
-1.6413901728327231,1.3552633398882512,1.0976038221232498,0.18780033804252202,-0.31775521370020354,3.9365548857253714,-0.8097248357672839,0.9397870676340977,0.9340980418876796,-3.7652355184715196,0
-2.0709249404214947,2.414417477390976,-0.3355026181157843,1.0306598082415594,-3.7752196996864926,4.5300689299052594,-0.0115150880766451,0.15187945694555194,2.816161397003376,-2.270181473900095,0
-1.5198682951603804,-0.19106778959111903,1.7577828484456415,-0.6804940477640476,0.5633907661364577,0.9634586894036349,0.147298000389084,0.6329113944837164,2.0934537843129766,-0.9649197957175613,0
-1.3910342875485682,1.2674213445888771,-1.8602466555275532,1.677115870186871,4.233286287804705,-1.6942175151272136,-0.47687646064383565,-0.5344392141049206,-1.8882220110541719,1.1158436906784654,1
-0.7364593865787137,2.758388933642337,0.7466440528155696,1.2727147339712648,-2.0640135357582308,0.042994718227234,-0.43229517910733023,1.5737546661498367,2.44191363302794,-0.08166506974672638,0
1.2094145774235372,-2.0732465524808283,2.341278837790681,-0.07749429989298792,1.1877249756113244,1.3773161500094386,-0.5784597288763313,1.6699302574859747,-1.3963777739591303,-2.7533959770552636,1
-1.7101869245644687,1.3112589183260135,0.9805326212701841,0.3240364427065333,-0.42646564521527786,3.2425145192808085,0.872153105684055,0.9457345493746215,1.3586901124620205,-2.8615458332964834,0
-0.4897919609606475,-2.181940654837537,-0.7466712207800056,-0.9782549380604774,-0.3408594053706836,2.468006801375061,-0.625916017684602,-0.1355555672702612,-0.3273359288272747,-0.2533228270477128,0
-1.432334884186605,0.7312457144490858,-1.6966287982979271,-2.0149012325066082,-1.2661528693537925,3.4768432570374284,0.7497454754383477,-2.2384794156566823,0.1092706671504049,-1.7543891837329177,0
-0.5930681982195489,0.7087913167661883,1.1171326093199907,0.8981173241223475,-2.0662306568239233,0.06482195060623719,-1.8385186232720707,1.9358289909963464,2.784022961104633,0.8029660438373909,0
-0.9964669109693549,0.10639699941556624,1.125907559796306,-0.7209701084698963,0.03855300429059971,2.513321909024291,-1.1694806292030167,1.7661221688054922,0.7074361754126335,-2.0606017762789937,0
-0.39490530498076337,0.281468453100036,1.7603427429155012,-0.4333895666861532,-0.9176167953857775,2.1400622257785256,1.061256258512118,2.412554878610579,1.1608234178136947,-2.015568087584036,1
-1.2188416394826842,0.16114082747335823,-0.25604017303648297,2.0994075205025093,-0.7168417711322145,0.7283964184789762,1.352039365974326,-0.5408854236846868,1.5805879949471724,0.44684531006843453,1
-0.4903706266360367,-1.7970507402464868,-0.5423609004130338,0.4441451710872574,0.21823733984657467,2.6585973084446124,-0.2904414820111494,0.2492753086173125,-0.777426381287861,-0.9449026332192781,0
-2.2334928766017774,0.6216517123771574,-0.08100897999606538,-2.7075438553811773,-2.2724653286854095,7.1764823685330725,0.8642483846986365,0.7861649638613407,1.1188816987489638,-4.479294567761061,0
-1.2060538203108604,-1.856305273943547,-1.6283826577582248,0.6151639842785803,-0.12665468329141782,1.7125807207221928,0.21000830802258905,1.7538840161046378,0.2043163106351107,1.9280597996132536,0
-0.3702432768101256,-0.42841328077025254,0.3854117771482073,-1.909197458977243,-4.246271104440641,3.8710409170920768,-0.39343789627455045,-0.6650915993836037,2.173626555013291,-1.806431280999216,0
-0.7565495021944817,0.6779698115284811,-0.6235459255510363,0.11712421614985134,0.1807775631820615,-0.5744174478347659,-0.7113032269494793,1.8171645064816193,0.6169054747068496,1.652789728911439,1
-1.7099268423516305,-3.2866759220543793,-1.407920288329967,-1.2249998886600506,0.9775778278329559,3.4862832330488036,-0.35840357551288854,1.624190230268281,-0.4389085378623321,0.6255342088606546,0
-2.7180956108943617,-0.6458324187817932,-2.9091917027578775,-1.8357687561770901,-1.8502684853288263,3.6603146596773364,0.044062567406599355,-1.6351311596240272,1.6175650220053195,1.082193629137802,0
-0.8315222505996431,1.539417571859012,1.049999822158884,0.36575998609291555,-0.05600340231591083,0.6132212210664155,-0.26454589870472217,1.5524168429489533,1.1654422048670587,-1.0572717700771763,0
-0.6579817849135816,0.08254408252079903,-0.9799232865362083,0.3270723748778453,-3.259613717001245,3.2388798259573144,-0.5924654553805143,-2.188162963072308,1.2367791079221477,-1.2578781905314165,0
-0.7352870932562956,-2.3091971093834163,-0.6831510784705053,-0.7243025342076668,0.9904553261973594,3.7619762452870384,-0.4146305088140306,-1.5321235709894188,-1.5394267932623875,-2.3915389920442665,0
-1.798761686735377,2.1387753580253053,2.7958731553999496,-0.5036502603755963,-1.4650880257106904,-3.6831465097351312,-0.03302526371956056,0.03571871280637051,6.303465082245046,2.67048559087503,1
-1.875033680971025,2.4353762840666002,-1.8281680785313759,-0.18455144218594516,1.0911453168585967,-1.54236903668306,-0.07434532975852426,0.8554597223847514,0.8356684049597399,2.563453131047193,1
-2.538357939378451,-1.2486474442789597,-2.4855456150743653,0.8055747028061735,-0.13399238788474543,4.131556311914009,1.1209670236143776,-0.6047164584174791,0.2235447408398361,0.029991077843745995,0
-0.3219312118355421,-0.7650000735730837,2.2735227946738403,-1.0763811874020583,-0.019503485535081078,-0.5501305197340579,1.0829999385168685,0.4262529275122299,2.084216711449292,-0.16434899429220928,0
-0.7477546724712747,1.1491923498178296,-2.4816267261996696,-0.44787764493195836,2.1278838744569057,1.17718840479436,-0.0628938668998582,-4.013132573890076,-2.7565678329503402,-1.8248531141912987,0
-1.0009985722870554,0.9968573771488003,0.6062158778609062,0.1258865305766578,-2.4643451056665664,1.3323553141993472,0.9838523436061467,1.5748933168204462,2.6876987956404923,0.10146883020514252,0
-1.130571684740017,-1.4134510291525038,1.8753173355054433,0.6666278834568907,-0.6268052898769534,-0.6189600504043069,0.4090649383340571,0.23114840028626849,3.4710995428938656,1.3753794669319408,0
-1.5352187267233108,-0.3068917176481507,0.2805110799381173,-0.013973228476073308,1.9012270937558302,-1.6118801913475123,0.41870457829236835,-2.137055801808751,1.4723784636559907,1.204895595570878,1
-0.9370517678894159,1.628270784131962,1.4965759019702445,1.5008430302803784,-0.628637200990225,-2.3713957275151567,-0.8143981874463238,-0.04006558168828711,3.3310326923547566,1.4469159666792772,0
-1.4685139557132492,0.4003814365049818,1.1954812700874522,0.9575371632797675,-0.742529137145942,2.5990439160803067,-0.6737901056594764,0.9219672771353102,1.8473156621785534,-1.8894909692324258,0
-1.3297927923562831,-1.592302032111475,-0.3111075027751167,-0.7742038183529005,-2.550477500064794,6.980343333183221,-0.2643558332034669,-2.5769069075189317,0.5011121495380504,-4.459850649621845,0
-1.6956121494683178,0.4498056147049174,-1.7828956494316712,-0.4502018916658434,-1.4200099571897518,4.041222029461769,-0.9250846204786352,-2.5893555718076287,0.29785567101671906,-1.9387480390408416,0
-1.9453447258132637,0.4333809633133301,-3.6696635785300407,-0.36162810937254564,2.4498003823355585,0.9809880638152702,-1.0976109822757267,-2.586128237421189,-1.958292419898746,0.7591289172119922,0
-1.744438109723888,0.2818975567118326,0.9495417020741852,-1.027923765010739,0.14557194364955084,3.18723446865687,2.935406206388468,0.0865309184307056,1.147022628019491,-2.71385314113507,0
-1.5778973321670389,2.0983926020691763,0.5247576878708085,1.1273500893554853,-3.7824059140234336,0.1694831995331012,0.9970593564536414,-0.05892669809513973,4.72000481282384,1.2631942394497537,0
0.8634549176138631,-1.7254395692253135,1.092679390464233,-0.8605654038138869,-3.0167731617463365,3.9176675726330688,2.1112963340995843,-1.3564891343455279,0.27812617897270275,-3.3239242040432644,0
-0.4973333325341369,-0.1643234826789277,-1.5079216591158624,-0.6431833420270304,1.273939189712018,1.949256207971002,-0.8538230875043771,-3.055154289931939,-2.0294890727148616,-2.0062326348152264,0
-1.1988087755267038,-2.6784251737452722,-1.4109502190655603,-1.389780143192669,-1.1516313469072026,2.9108386885393798,-0.27037139913579117,0.22679108944058135,0.6754820565891568,1.0585374324640608,0
0.188394371708281,-1.917838836255934,1.1047659999081034,-0.31093751635109385,-4.070658104364901,2.7282823216568626,-0.7360636534685142,2.0610724582274242,2.4876182170081855,0.0183605993746645,0
-1.2058803246060568,0.19889002894415808,1.8960623860111592,1.255349780288475,-0.5603027845462571,1.4316058017291136,1.5404412397766734,1.2218041459479785,2.338145044610263,-1.271003838248433,0
0.4947165829848146,-0.8731650624483358,0.334367512279345,0.9668071042505444,-1.7421101219515487,3.5641791278761503,1.0567249112804185,-2.8627922233172356,-0.6070194409471632,-3.7243577451928274,0
0.6451937865521127,-0.7521486527628375,1.3429212589198696,0.6213467399691023,-3.0477294732734035,4.306905331008827,-0.4213568077704419,-1.3562995122739676,0.3897777033935049,-4.249506524703303,0
0.24089181357100253,-1.4511434671364065,1.660504982980491,1.8674620041613508,0.4995231960762747,2.002778056493661,2.291911266818686,3.734412437406114,-0.4312945230880595,-1.5852277952534952,0
-2.0830661934242274,3.142800595572253,0.2866324137399481,1.1818900425588936,-4.537569601854646,4.978426611424584,0.9972655676588726,-1.2258391874199575,3.4418838035097856,-3.596515031519488,0
-2.5641380834420877,-0.4836694656042727,-2.8112375648406833,-1.1541633847795414,0.337301326827081,3.194920751131309,-1.5255717080610838,0.006684854816535246,0.02186511074993014,0.7394165117637093,0
0.1444858080516842,0.4196472765231991,1.6012914659392574,-1.3223474346832955,1.2655222574099048,0.7126926019508146,-0.526555133136702,2.2967762003803296,-0.6182504836790309,-2.033720341952395,0
0.918300925033559,-2.9267246198068966,1.4207604843394837,0.4685401615460691,-2.055226442694683,1.730448618141492,-1.1772264174512104,1.969621314456826,0.8477842206019762,-0.16126127244821375,0
-3.154204039984483,0.8612837024393691,-3.0618304262431097,-0.11381253841375806,1.0341572854496848,5.699926527053392,1.8978872926587056,-3.673628791592387,-1.2318835293812342,-3.363899253719306,0
-0.7583763715437535,-0.40174885961794127,-1.2244107085378966,-1.0175847772133757,0.7850377813226517,1.502089554786509,-0.4588768450249969,-0.5425281810381162,-0.940232228523274,-0.4204924173065009,0
-1.7430430168260043,1.0819768603758586,0.6752118244252383,-0.14945569316498877,0.36121291919447795,4.955940474447971,-2.712612563810438,1.1620327140482973,-0.10660130938795587,-4.525768334937388,0
-1.5360686485984787,1.3921923015841495,0.5298604035839216,-0.007688995721369474,-2.1613703912667734,2.226873613071872,1.2334060763526695,-0.38637998511806715,2.6338013927328796,-1.3029559962474289,0
-1.1268195917110595,1.0402381375074015,1.1181493735257035,-1.7257711248125733,-0.5014533581276686,1.5735358839095581,0.032143146964560894,1.7682230072981475,1.5525988700555269,-1.2843540089053844,0
,-0.04307744584701112,-4.596092127175432,-0.3532641354381582,2.6936312509945335,1.9087290704053763,1.9186063338762078,-3.6562499520672938,-2.013843316391621,0.8721968355852703,0
-2.1028803858592493,0.7361213360525176,-2.4504460634254994,1.021624764399948,-1.0699484279135985,4.195300969656387,-1.0633544998303186,-3.7474476456247796,0.0617295061382972,-2.017004064542702,0
-1.567110143420291,0.4215509248870214,-1.8915258005342304,-0.05795054176271757,2.733394377030982,0.5315192956238453,-0.02243605198057349,0.9309026113455483,-1.4455829798432562,0.6738059856062693,1
-0.7295119714404792,-2.062716222487618,0.33905392584528804,1.436368034243754,-3.157312297616585,5.626731655627025,1.0216352138276081,-0.7828713765276607,1.2471550980136914,-2.8952998426764003,0
-1.8138169891327183,0.06705338152671647,-2.0665019697573275,0.7244910603817276,0.47333328668897545,5.024927176601441,2.9430483352686214,-4.4474633540316155,-1.5102170858132713,-3.892491015016298,0
-2.038804139280031,0.7463217523531889,1.092038940477055,-0.012298449308057612,-3.4365550128218096,3.246079181981724,-1.4955415364982039,-1.0150693888428872,4.18479908716578,-1.5463517569821241,0
-0.29763810807821633,4.604960150894145,-1.7489702096769815,-0.041337204809170254,-1.4786534405875416,1.1791054971858266,-0.33931118713815905,1.796594912250792,-0.779297271765022,-1.1212964059920218,0
-0.8506453061824417,2.652697222073618,-1.8487239168569123,0.8533489773401466,-2.275623593889495,1.3171226127008444,0.5989963416842641,-3.67870282044912,0.7259091342762678,-0.9697083069014676,0
,-1.7791921044744323,3.370400263119862,-0.305444702441682,-0.8929179640684746,-1.6359638167584112,0.9641558841719786,1.2231299281245136,4.083514044313665,1.4556397835364057,0
-1.9222934910242144,2.480532760063867,-0.39468344055257765,0.9017286971402739,-1.3528181367671028,4.702458285567487,-1.3833407769716104,1.2378782662940737,0.6892624032378707,-3.3688132000498303,0
-1.633572165797418,0.022260026673544653,1.8026105117562732,0.8070464166066873,-0.24782365296877573,0.6886304876461895,-0.3686193657856996,0.48095111480627084,2.961839540941331,-0.41594292933267185,0
-1.486445318736972,2.7006627842872684,0.11637389566430822,-0.21495483807895113,-3.0802885268642743,3.308793674793972,-1.2535060123717616,0.45173683465270587,2.321872833919851,-2.1907260331886587,0
-0.5164579867724289,0.8113089692044237,1.8594860077871238,1.471585082569894,-0.8409632208900744,-0.6258455071658277,-0.19330422644796988,0.7234514222759322,2.4949240937079598,-0.06982413292460321,0
-0.5384257094465099,-1.0265903060321033,0.056480173134750844,0.23614240987910107,-0.8702476207493755,3.9401917834373554,-1.7176721483633963,-1.648878567388934,-0.25922867926886384,-3.0907720109063934,0
-0.8805310295830564,-1.3628454293773702,-1.3981907731574237,0.3143386831314305,-1.302835269896204,1.573901524523244,-0.31608296112297335,1.43922012849201,0.7889890698625102,1.8503339282652056,0
-1.684215959513678,0.12363631485618765,-2.3114504052524207,-0.7370293611526971,0.38399213721865255,3.2820382616328914,0.3362778892475625,-3.949592886712131,-0.9647651345024764,-1.9180136909319112,0
-2.4529249603438714,-1.4944752786950741,-3.2170902037720834,-0.030786502413415195,1.2318120497002871,1.775569173057443,-2.1529135157575157,-0.13720846252663266,-0.2135029198758711,2.450138722863429,0
-0.8985494331445438,2.34309112697463,-1.1662459695930005,-0.5209685512310958,-0.443653877264619,-3.5406692069310277,0.4403539938779136,-2.5911915223922577,2.058843942201939,3.110498937627762,1
-1.493617662165284,2.103529058811525,0.8909621369137319,-2.0495145161883253,-1.4202208273962753,-0.058430524315206345,-0.6545335709983099,0.11373243163379476,3.1566074194168,0.1124726119868984,0
-0.27108265297792056,-0.9141575427125421,-0.28651202719694635,-1.828405880841963,-2.1919023118869294,2.2984238819886413,1.4355709931636234,-1.2764271138013104,0.9234062606639694,-0.7415348055874353,0
0.41274500227060584,0.6664144058193933,1.1359499776285267,-1.4745026870482356,-0.09484757974651559,-1.795715915310307,-0.04129136178466144,1.7489345844110638,0.8991162076711955,0.9270832533049707,0
-2.297704961943173,0.25012030322017154,1.518578950153067,0.14330630500000371,-0.6849151368844346,2.121985656343613,0.016124787900472438,0.6545845755914609,3.2804167241603657,-1.0271845108694277,0
-0.9428833026037441,2.828498331431196,-1.4650988693752063,1.7409414865969908,-0.7914224230208171,4.0647802667699064,-1.765387587029974,2.2707576424176317,-1.348948788725481,-2.897000440208409,0
-0.9359494635972366,-0.5509252834231737,-0.8234439377936883,0.029796165121424436,-0.4553519150588995,2.7232741289629914,-1.0857477107815494,0.10763279024545302,-0.09382795421352608,-0.9090301855501506,0
-1.5735289217172295,-0.8987408628726481,-1.6418824144052524,-2.0713771793381572,0.43376280023878144,3.0862852954124977,-0.3854932409123582,-0.8025595852621369,-0.5231681357873887,-0.7445344596786596,0
-2.3520037936652693,0.5263245922294406,-2.579876852430824,0.7699687313352226,-0.21360332284112027,2.711323872046088,-0.08259257535129046,-1.3241989951764044,0.3624734060924035,0.19542130800489033,0
0.09335587080691665,-0.09470456927480553,1.3928502235800009,2.6068591631497697,-3.962183509936771,4.846297380922701,0.10798392072522883,-1.7657683406942575,1.4541447462050288,-4.467854851824079,0
-1.0076149531103822,-2.7784146293620107,0.03729409964538588,0.14204447883054525,-2.305047499675524,4.095660273386628,1.3722713166079914,1.2925138123626136,1.5921016349324164,-0.3177965648973322,0
-1.708120859404644,-0.23973207679085595,2.990085573797871,0.440059929023145,-1.3396285463030497,1.0962725086076497,-0.591018455733432,-0.3011745506521626,4.406795978545962,-1.139782094268989,0
-1.4574470176541325,-0.8922951513439784,-1.6895051244896988,2.1245562298290137,0.47342224243714437,2.1592779583532837,-0.5161166418714347,0.21258611824236584,-0.3100730908586904,0.4153354915317937,0
-1.083806999585541,-0.3733336517009993,1.7080875104979625,-2.106889114626081,-3.467303521848225,0.8391427465187178,-0.8374057253154913,0.10446692294228765,4.614898115636039,0.7145252246035434,0
0.08313852962282864,3.9774959012054154,-1.990679955173627,-0.16414941272177394,1.3126770900112752,-0.19560389164109254,0.8241028968557058,3.1211812776215346,-2.767975542287586,-0.4353355639085197,0
-1.062484435800962,-0.5598855428079343,-1.017909088119984,-1.2876052836530612,-1.7090157831454102,3.5730314285772495,-0.8221656066894069,-1.1861742780276867,0.5133897733220381,-1.3294407895596763,0
-0.8017261824397428,0.46734982432824,1.3905649038151837,-1.4384111667945592,0.5721069131116432,-0.1952765509171056,2.0578111770977623,1.22796210063877,1.3892874860205242,-0.29276292996821285,0
-0.7308055609008951,1.5954207883879594,4.3157539408920975,-0.35208774745388094,-2.783611306884577,-0.6416292571665545,0.22063080430716323,-0.19503971871296688,5.503158137750366,-1.343200405931066,1
0.3944056169520693,-1.6747159090978911,-0.7550991353628846,-0.5149387064332724,-0.723815220072987,-0.025394267443648977,-0.6610250546274942,0.0056190923099830314,-0.11234816287054517,1.5210989663225103,0
0.37412441641406935,-5.446468288226253,1.8337621712646182,0.4610780322964351,-2.9002802460472625,4.272505357279816,1.2288565502005595,3.970736406518334,1.6374139672183348,-0.14651547292094613,0
0.7195159596506284,0.25075535541382765,1.471945458845084,-1.4409816345249187,1.9098231521145728,-0.27160470191117225,-0.22159969438503932,3.7014080906181728,-1.433300621285229,-1.1771528951776722,0
-0.7535904247597549,0.23984146068397072,1.200834882773425,0.8202983745089647,-2.4908270979123555,-0.1361455293211138,-0.6856749175901302,-0.30810573905293226,3.5262204725882054,0.8496224618016142,0
-2.1764423945625477,0.42607708486604157,3.0010944596451856,-0.07492655611844788,-2.6371159871058873,-0.8268171438876948,-0.34815739681731317,-1.1780256256716388,6.7503457697852145,1.105202099639599,0
-1.7679822862614534,-1.749774607719688,-1.6752882531857525,-0.3198262778887562,-0.8056415363821716,3.4442065646062474,-1.3404886413664368,-0.47491612602029565,0.601406435611687,0.23177151193604795,0
-1.3474050347507984,-1.9077829381861386,-0.7375705137861203,-0.8491048509902235,-1.767423285142617,3.9307667744777204,0.4853599075531901,-0.03982942636464837,1.1228643957942315,-0.5259380985922499,0
-0.699825678127033,1.2393891089559164,-3.369915408515014,-0.38762983266324635,-1.055616510638374,-0.8857979712777209,0.6332253101150935,1.0256489785797211,-0.03522793788357914,3.7958370093398806,1
-1.2877828322647367,-1.2345025479289147,-1.7165060751439032,-1.339489366528659,-0.0298098842152984,3.0725796129907534,0.5480669247071704,-2.0509013618131395,-0.5172248532389483,-0.8687385542792522,0
-1.2094059028763822,1.232566681271151,-1.8425634378783482,1.179942130038464,1.9014233081777787,-0.8649157586042444,-1.372079187269614,0.9522907399310137,-0.7412874803950613,1.7140180719933118,1
-2.5022845747999876,0.34029124280976664,-2.9557033819270844,-0.795988910008754,1.0248140770598595,2.3846497368747634,-0.31267716965327597,-2.7355186860215888,-0.40398779208456537,-0.023954555757243146,0
-2.871560697206369,-0.5373830894539942,-3.273873746164191,-0.9414031690020248,0.6530360672482365,3.9999163438683194,0.4115657191642819,-0.9575568155342451,-0.4418998622993544,0.06277554870632596,0
-0.5007771606829468,0.8085094378458244,0.055730689365037556,2.209855665748464,-2.60475407849976,0.3516906028307702,-0.7074395448121878,-0.23969584394095067,2.328331409339854,0.6947755248923462,1
-0.5164408500916184,-0.7255780189801057,-1.8917378714272297,1.029180436127967,0.4244651399422481,0.9584945111420916,-1.1341711452777905,-1.696513981440488,-1.053929660826992,0.39054741350635824,0
-3.111567311005121,,0.8099817948570323,1.2434691283459636,0.056250814347941436,0.7517023666523244,0.34292637732134257,1.9967683229544635,3.4155866373067862,-0.4956802201778503,1
-1.8556217535853197,-0.737322779911703,2.7358447752846873,0.5096892312246561,0.5658709901240384,0.0074898657226281085,-0.5505870670007066,-0.3746580112144491,3.597756851893205,-0.4126270779996549,0
-0.05459285547592696,2.3398914620567233,-0.7387769854982746,1.2785751679393744,0.22156210512117913,3.039702590574045,-0.023050556085466193,3.290691634515306,-2.280028331579774,-2.923277008599933,0
-2.34969163113087,-0.49910271361943326,-3.0592170430399697,0.599450686321704,2.6832920303628733,3.5155260704198206,-0.6312411362407006,-3.5292343676294626,-2.276135136001171,-1.7579590120666488,0
-1.5980993524036395,1.4828543508538923,0.9355820324841022,-0.6684549108531777,-2.702619518370802,3.4486567726815633,-1.464974746104889,0.5666891211342817,2.774329959979066,-2.256177900291438,0
-0.7210019903259078,0.1753254762939367,-1.393779945603126,1.0022361667029254,2.9358293642074034,0.0008030356183162946,0.32099756368602317,0.7273671064434442,-2.105376709836329,0.21249746346826948,1
-0.6939842476684768,0.9886827911764751,1.784621056411892,1.783922595201769,2.1087292472627315,-0.5247758805961812,-1.0448363139030712,2.4420414720220993,0.39060661213084336,-0.9596754841858853,0
-1.7237845619462324,1.6490944772752558,1.076985683478957,-2.1045827987653323,-0.8734172808916916,1.2708273071455511,-0.3089600145979074,3.103647168654325,2.6008650128541673,-0.26166543439526113,1
0.27284413135025054,-1.7603938345217047,0.7103586221421128,-0.8342713430679655,-4.436995885527234,4.069888380987653,0.1829944496452604,-0.9895649102034614,1.8065594134572196,-1.9692245806496071,0
-1.6738412676850873,1.5829156839752034,-0.68726365658298,-0.9323712431819872,0.4380420303627568,0.25346433990992856,-1.5714199983383004,1.164019616996812,1.0340010537200213,0.7292772561204423,1
-1.601771114596789,-1.0960811060260218,-1.6364236993617758,0.24347507713677022,0.5062883962219455,2.685604039546086,1.542736367279776,0.3322143217859639,-0.3293554190610628,0.09702324435926002,0
1.3038943257323163,-2.8271491749036555,2.7114357389861845,1.0736219439075716,0.7170718084845009,1.0751286702459488,0.9458881565546393,1.8067101224362563,-0.6979111853911324,-2.0823233315997256,1
-1.0599023249707444,0.17846229273809255,-0.8917844519835828,-0.05080078861953355,-1.9972285155893958,3.2825862855166106,-0.057397463786793744,-1.8020682236388064,0.8155182108621268,-1.5916368128326372,0
0.4876278833901351,-0.9420906741626686,0.4918757772486253,-0.8533994740391114,-1.4565146158756344,2.4763224392925305,1.0729296145073466,-0.13135231355112853,-0.22647481038977713,-1.9989731057200855,0
-0.00985111244357506,1.8511297080644493,0.8374530095106901,-2.4878220575623313,-0.7813122950740519,1.183439231567998,-0.18403239919900272,2.547092710648216,0.23368499078421875,-1.6341292706168136,0
-4.312426100011078,4.600061448772898,-2.604046076990964,-0.6717207892580773,-1.6150602388179292,0.8152618802536957,-0.2768893557688036,2.2182106530178816,4.089390723249587,3.0446355067268094,1
-1.5294676107948932,-1.8282514486480759,3.3810354963175713,0.7549587661419644,-0.3003560527219806,2.2328935862064734,0.8425138964550043,0.0675507762630132,3.356992384869261,-2.162476844959264,0
-0.11175366414563515,-2.100035037661833,0.7938207071107908,1.391920887679919,-3.399622538288684,3.2615555508339074,0.7298193622676307,0.6278999600915405,1.98066708706017,-0.732679685923442,0
-1.440404216941096,-1.6801247552476632,-1.273475071836778,0.29551169159033874,-0.10973452051246124,4.3605522580120795,-0.22549342333463607,-1.288207094637991,-0.5307077966073621,-1.8200413154042645,0
-0.1098210696664671,-2.552694902329156,-0.9610845214445196,-0.03992646337336377,-2.066117589020433,-0.23384243955244,0.6098800471904189,3.0527849621151573,1.6355271997376586,4.3076716507699935,1
0.558935698494551,1.5385199363271285,0.7644143792503151,-1.4127257589005562,0.4244197474648348,-1.1723946677331758,-0.49156193901893,1.7232620527344567,-0.30662147931555506,-0.3019545883728745,0
-1.831566180960257,-0.4859320953291484,-1.3492878810073659,-0.071120290830336,-1.233273465974077,3.4856007345828166,1.1126343052033019,0.8875089141430772,0.9642762909520407,-0.07313430172396407,0
-2.125434358189451,-0.9594895205107385,-2.0870921382015664,-1.18023173420037,0.6495001990346894,3.0110258403228976,1.1402505526712048,0.47465804498225284,-0.19911126263195777,0.3681076230965976,1
-3.5169072277458078,2.8114665250818733,0.22030373345964605,-0.5550167015441094,-0.7505222269688601,1.1159466999766545,-1.2541609869956039,2.9448011415295983,4.182346669874562,1.062714445449743,1
0.43359796736979717,0.4126482574669529,0.732532798062409,-0.009664421313347188,0.44122521899433864,-0.015482152287747686,0.24748054764010466,3.1271908754392665,-0.5326212024251624,-0.29136522046001656,0
-2.0305337996798007,1.165601076902592,-3.317452261457536,-0.26813913924176325,2.1448815942240715,2.2868854424638383,0.5845240518374347,-4.074225523577911,-2.125922141246051,-1.4419794916563937,0
-1.9983520755235058,-2.059505578632864,-1.424106020011675,-0.3542063885087883,-0.5958835628772405,5.731884831083711,2.824220426395203,-2.389716355538614,-0.10560270799974725,-2.563236371765984,0
-0.9287545790915431,3.1497781400208096,-2.3517793749571365,-0.04147177799914767,1.7597427548940745,2.5152601095730125,-0.39711533156785284,2.0643719498031317,-3.1242269550742376,-2.2122727550189527,0
-0.6117941338074,1.7962044907009067,-0.5396767332137493,-0.8178918421385055,1.1106077404225592,1.1183357097486506,-1.5794362987175987,1.8337558464711132,-1.160663111529804,-1.272097169755941,0
-1.175613229935046,-0.7363480692828075,3.186249937289542,-0.5857927234486902,-3.9438684457868387,-0.5027493198960227,-0.34677157676671216,-0.9628927319306066,6.599606082083321,1.238790374113437,0
-0.0009895447149593783,0.5603502429291495,0.6377921619484245,-0.8407718898986251,-1.892839184541633,-0.9099063719391974,0.23817130613962828,-1.202689021415066,2.1098535237232965,0.6983306192322833,1
-0.8966651579824102,0.928949509338822,0.23083447537083412,-0.7029114380395675,-0.15278503031729296,1.2216923295107107,0.47314545326778695,1.7305110648029358,0.6734066770428786,-0.6236825024960126,0
-1.1208677071768884,0.9942054102424676,-1.4396572576960214,-0.7341618661210141,0.3675018766018505,-0.4694969110310253,-0.6300484313483411,-2.126297548945282,0.3920069898109517,0.9022734632051137,1
-0.6199774803375242,-1.6705387410254509,-0.2677740634365312,-0.3075714171157992,-1.3252757618861724,3.701931731835548,2.002427467644797,-1.1920986803579945,0.20829630614011596,-1.855860648856297,0
-1.540176205061634,0.03319198248445854,2.9376189834560593,1.3393265894799997,2.714290986905091,-0.9009043137668038,-2.1098382406256415,0.4742509534728252,1.9943407951531347,-1.0687025868960143,0
-2.729831142861027,1.7803317697741743,0.5682909426433639,-2.301471717669987,-4.159462883478073,4.7718732839521,-0.24633528117984818,-1.870152617416919,4.449758818903697,-2.7003036615503495,0
-0.9954348298037885,2.0293674468553955,0.7654133342870819,1.0984848760518187,-2.5175702210776887,1.7678675073575256,-0.17167365392478334,1.0422451710577454,2.452182216641967,-1.1635018689046972,0
-0.5084273173352758,-0.8427924299871643,2.213714749855212,-0.7487997960200538,-1.962108705137836,-0.38540045697221936,-0.061097508005868134,1.5308310493595563,3.672946818410255,1.152535640492911,0
-1.73457762232327,0.27865199719571765,1.388692206630205,-0.12653257974705998,-0.45214704715121423,3.215549498901277,-0.8639798490760783,1.0481688222122496,1.815372946649921,-2.466474553566909,0
-0.5867237313216944,-2.3982143774089293,-0.23694872415057588,0.6007330151455916,1.8374279611837423,3.7196498668564417,-0.31815850161792886,-0.2412060973767831,-2.0791023719041064,-2.7186338440821087,0
-0.5167766403927492,0.2198589222465046,1.3895427497773847,-0.12243598974739747,-1.3192378885578937,0.45908216337880176,-1.5302791359297876,-0.8752608432119114,2.1914489480272104,-0.7687930425116776,1
1.0047767548512265,-0.1458457956771828,0.029594763092355092,0.4664445968402613,-2.554390878306857,-0.4395097502199573,-0.5379785288219551,-1.715518427966051,0.8834764193854437,0.4305845827654833,1
-3.87650813198736,-0.9389844954191191,-3.5006694084600305,0.40813591277835637,-0.3651666695382295,4.703006759475368,1.1782528475480023,-1.3776408989461713,1.209371759458842,0.8497867103832908,0
-2.3071626964134238,0.8019500354151301,-3.667199966563665,0.6868579110122561,1.8861572808236002,1.4792522763677933,0.04303097332128144,-1.228581747312845,-1.3664569690958284,1.0054823950745346,0
-0.5707769063608664,-1.1081263288633503,-0.9975871148171872,0.3990441406465261,-0.9956145596662228,1.1293691909837125,-0.5820613340930124,0.7979890289737117,0.5588267707611628,1.308188480547566,0
-0.29276122219356937,1.1058766645361437,-2.1277574241057544,1.5391972001749075,0.5337874165886105,-0.798273679418857,-1.1179276080367397,-1.8252310281392217,-1.0421624897593886,1.0189254215074697,0
-1.8427600407871398,0.9040636080373179,0.387437003712066,-1.079532852166039,0.6158207108467826,3.4273137268210356,0.5206894964226687,1.0097757255881044,0.38969962582181705,-2.793335510466525,0
-1.2203535908401046,1.3631386936016723,-2.1773626044642,0.7352693099749874,-0.5485497562738537,-0.07083437263893566,-0.7801438813877718,-1.513855596834762,0.5422293112349641,1.487157031458361,1
-1.4099661566107442,-0.46311511959621743,-1.2600414106093831,-0.7934597298834714,-1.4608476916201762,2.967061809234443,0.11397066812777235,-2.394956071256091,0.8953565733397557,-0.838170903663892,0
-0.5693356492503201,1.7657526252265991,2.0196891655461706,-1.7776809623702012,-0.8569421549470935,-0.671528733028889,0.7851850823103762,2.0147174691945695,2.5306483608473025,-0.22699034157526254,1
0.5592197108818717,-0.8232932035840022,-2.83130232533772,0.41478446207924113,0.11280136407843666,-0.9528397649244602,1.1067745186243287,-3.012925322694238,-1.828379652475963,1.924948436278343,1
-0.3515662625622692,0.20029387006909638,1.9335836349120161,0.3319184477078873,-1.3777347273084146,-2.9649496511881086,0.8117055716132655,-0.31957215169218767,3.8937830297931635,2.3780531372270133,0
-2.5387502816599916,-1.870018613218956,-2.455539472239468,-0.24672442411444054,-0.6746028348149944,5.2522828231419965,-0.4836586374375685,-1.734016714157939,0.23769963662594762,-0.8511892994848836,0
-0.4139557950609317,0.761439291083492,2.0034625073108754,0.05674168329681941,-0.6587557380269968,-1.878581527354151,-1.209198711239606,0.39864052887895074,2.889512719192767,0.8532453867047642,0
0.461525732659795,-1.2380340405934964,0.09128966535353866,-1.3479957843671688,-0.9133370139918934,1.5188474284111555,-0.6167753615197077,-0.3159944782794817,-0.3445750488474013,-0.8985191345446726,0
-0.6787015179965173,0.8302910788868993,1.1474095417279413,-0.03151851332810415,0.7100221275540406,0.6472628875524846,1.7509259419271435,1.1302165884946103,0.551892850653987,-1.3651906685106865,0
-1.4470727684285674,-1.9116398990757848,-1.132143697305083,-0.49898725597911187,-0.411264102261246,2.90152332867934,-0.8003354061653037,0.3995237589331213,0.4776125517727242,0.33884804615305697,0
-1.417676937665392,1.9599314403918195,0.3887547079178343,-1.3121632011955178,-0.2920350833627837,4.199112247683283,0.3824333156925354,1.8975282180813382,0.010159859938081217,-3.78081386684608,0
-1.029492291078297,1.3975166890663533,1.4315414649542704,0.29471925290230155,-1.0855120907908815,1.357406399209779,-0.24402835217113436,1.7421303617982546,2.086453591434121,-1.2840857118330682,0
0.21638590624089882,0.6141459070979981,1.376395808082419,1.466782556898976,-0.30745139137045696,-3.2527332850942896,-0.2414305647249931,0.6863421860931449,2.118663485538928,2.1789278982024847,0
-0.8717169388542381,1.3717713313310353,-2.8492094500903833,0.8507193944606469,2.577089996312081,0.1406722798862573,0.44489589500988425,-3.0183657000598587,-2.7116583383235544,-0.48083680116349503,0
-0.2907904812598149,0.8340549587970649,1.3431903042729523,-0.28857511715410117,1.5222935006548233,-1.962437248920406,-0.4432634648179029,0.997801401788728,0.7510609793521229,0.39654734230378863,0
-1.9997266783646426,-1.1829924322689966,-1.1530870190611975,-0.4177830125136188,-0.720370794396379,4.588146726867793,1.85204004481367,0.23766790735452892,0.5158801850662795,-1.2314300618581067,0
0.3187094651201128,0.2679945461271309,-0.3745245362362948,1.455600479257298,0.6727864180351832,1.2272012356154482,0.618360566259665,-1.453407689664329,-1.7152045080227847,-2.130550861022871,0
,0.5627835771196099,-2.502429424850375,0.15682301609819319,0.15093615319321496,4.157930728923512,-1.743672602396536,-2.1389553046681757,-0.9259414767268439,-1.984620173372214,0
-1.090646310994435,-1.8628678654197475,-0.028446483787728405,-1.235703022049409,-2.1229526749292327,4.586068187913255,-0.29951503754747755,-1.141468522771113,1.1654288159799766,-2.045282543748586,0
-0.2371732330407783,0.7628033967969561,0.6030644364441261,-1.3452096708086025,-0.24464413246022743,1.6084316508445262,1.3897641339463556,2.0985258153054778,-0.033181799936293666,-1.5098352102244146,0
-0.7794615147988746,1.0227696557090762,-1.9429977947262775,1.917259148426123,-0.2723327178085969,1.7363334249547386,0.3421060396504182,-1.7784034608440238,-0.8574303415446918,-0.8331292328592739,0
0.2968721369691618,-1.5319950763398076,2.2260325210866254,-1.9516029128828867,2.7138861272943573,1.13909323075713,1.5602555295309308,0.7875251082987589,-1.4206603647460359,-3.044813424729762,1
-0.300671757651931,-0.5507937354182135,1.667952396488775,1.5361567728549452,0.7634148809999681,2.635282567261386,-1.2692911052431042,3.1614783053780817,-0.3655594614795384,-2.6206600606055166,0
-1.6759106933783041,1.9833867877107987,-3.111571658780533,-1.8337057676294346,0.4997300976028629,2.073071545249751,0.14431001943507885,-3.987969766954458,-1.2595242204795687,-1.2879893134801068,0
-0.9381374815098616,1.4318944955980228,0.8038200076121037,1.156006669451127,-0.526430117252321,2.1815257245447626,0.15875605093754283,1.611693418726071,0.815777810203159,-2.0805451599862606,0
-2.213850016535407,0.9735181289466805,1.611646496769878,0.2006986942888783,-0.6630311662925604,-0.3117298307905896,1.1062315588599687,0.060467646291764265,4.206069516106606,0.6859621055124014,0
0.4922322204118388,2.4895263180806784,1.2661619176186003,-0.5106084992975795,-4.276407101164832,-1.7912277595140853,-0.6547697756239492,-1.3535744435283223,3.722628062562263,0.7849788638068684,1
,0.513576033320521,2.742248946493537,2.0777775851984446,0.8973263266743567,-1.8350709042976339,1.6529130512304218,-0.7346991104621234,4.259375086696876,0.6151615472231542,1
0.3139064908930762,-2.4965691701756363,1.07143833311591,1.9025582052295598,-1.6630700866199317,4.091675471530648,1.5268126635772652,-0.8511105440699098,-0.009684543012710822,-3.122680496313494,0
-0.5256258572919783,0.500866741882122,2.08476482464676,0.642301235011176,0.7883340674503645,-1.172342738701025,0.5374120028203807,1.869340174891951,1.7091101446507713,0.08513690941403973,0
-1.5924501018615986,1.290637448759707,-1.3727201065871437,-0.5318777502893286,2.7357343668960246,-1.7431929246441231,-1.3641059938183584,0.39198205887103954,-0.2203847134893926,1.9682924692211048,1
-1.829761526396428,1.8186635098633874,-1.694431756358623,-0.6111771520193271,2.0980449894280038,0.6044402594560543,-0.6525282932166452,1.4901625496861295,-0.7807001198789962,0.35277873975693996,1
-0.24868132383268238,0.8954315439293943,3.1263987540344096,0.05252636821531626,-2.480652273990592,-1.7695663840836418,-0.6314025555665582,0.7953495837627522,4.609113093519901,0.7735280471455492,0
-1.286423624023445,1.529743230289443,-0.48001052752370654,-0.7663225247814263,0.5290323676977602,4.02810796420032,0.8942327745009349,1.7575825191260415,-1.118181136771687,-3.3147310675096024,0
0.655145548977875,2.4704735190374505,-1.2782979221768809,0.12428569485085071,-2.211565047207104,2.008138574101518,0.36901643782516713,3.4391232344679947,-1.2179709543020365,-0.939049263983617,0
0.4192867493163579,-0.9208752490340955,-0.13878288125625915,-2.025039913676173,-2.248020421621008,0.43218385366590295,-0.2831518848798757,-0.5514983458921312,1.0218109131005289,0.7583493209576482,0
-0.13320314183566717,1.104349290142566,1.2742245717287422,0.055002936033374625,-2.7983384264656586,-1.3156685279041958,0.9468075665118705,0.6162175204819986,3.4087493859816815,1.4547169931353943,0
-1.814606008526428,2.4016490701600484,-0.6461911242844343,1.3281660539573328,-1.5323604176228947,3.759937564654911,-1.8402663847955685,-0.6136423696246154,0.9921397345521382,-2.7724985543248226,0
-1.054114361815649,1.0225833314564183,1.096533131819005,0.6832124040010689,-2.433183241048176,1.0782657709491983,-0.5125887969785088,0.36216308442903555,3.126452910041447,-0.3324910752674777,0
-0.9142863250821711,1.8670366530056168,0.0046936663972778625,0.9701750825678591,-1.5722301758749055,4.608954162230784,-0.2728445463401307,1.7830262329954518,-0.059882538568288624,-3.689464838197158,0
-1.5210561504201303,1.0835933367863344,-0.7970426075129349,-0.4895706470306716,-0.3557402235829037,-0.7913601449045522,-0.10346278984692345,-0.8423243920972012,1.9331026883723876,1.7788910475581345,1
-1.1214780556532606,1.5063358102011677,-0.15084601783231943,-0.2926854589752769,0.454300392455675,3.127592098160589,0.15140739062477757,2.230972274292948,-0.6725956928373358,-2.5656931340546354,0
-2.4720445601624297,0.8275906192614672,1.4822542858863743,-1.1340201859349581,-3.0930950048324024,2.544064542350063,-0.9291363405097582,-0.6697149108020777,5.004043587275377,-0.8815062366584199,0
-1.8644050104824463,0.4792296420294133,-3.793215467463159,0.09743411029730303,2.626572154342333,0.502838836893299,1.0522111559570586,-2.608486706380537,-2.0529596356463657,1.143537423683366,0
-0.7241411921192575,-2.299171868358356,0.09529331751426873,-1.4228769078115544,-2.464218772781793,4.861453471899455,0.03971382171963468,0.24986914819114725,0.9648823551939018,-1.8496555857442327,0
-0.8774430311473764,-2.0403821905523447,-0.13178758678785618,-1.0590371220120975,-1.2405125877299672,4.889452065050141,-0.9972282874387761,-0.8373514850115324,0.06520951551313559,-2.666132525797352,0
-0.43295566233602034,-1.7140883667351199,-0.5771970187530528,-0.17802329006383844,-1.4308131104359318,4.063825583749109,0.5770721838351396,-2.547712298217098,-0.27844338405026986,-2.490502817342954,0
0.5898431131600044,-0.44548147905251745,0.07593614359176315,0.9945582357416216,-2.0100387477932298,1.204049671048794,-0.6570352370173239,-0.6546467795319739,0.3240769759089942,-0.699109592040668,0
-2.1864287533117444,0.238826425012709,-2.7434960274658127,1.1665283362210033,-0.21154731372692104,4.155579849553025,0.6938234538591022,-2.636497151388049,-0.5488024430599538,-1.5055339242683736,0
0.5168624291309702,0.6849877044573045,0.39175288914497264,1.0472764085594626,-2.9001207499075154,2.9488714115748538,1.075221541181916,-2.449454866828119,0.2967424704737225,-3.364742834113614,0
-2.9452619173658654,-1.5819699468314412,-3.881429845164698,0.5740419308840301,2.7908126994285665,2.003678997786105,-0.6301428301423468,0.11348140672483442,-1.2243272104488905,2.426872389742726,0
,0.08243050317068723,-0.10937835039311938,-0.7067067683730057,-0.6778196947443009,0.6265345068125878,-0.6292206728473624,-0.4276127192249537,1.6257651940556022,0.4705084199735068,1
-2.6263616685335496,-0.7636428261521602,-2.229073079777538,0.07843924608367009,-0.9141579776051311,3.807186418286898,0.8739897510068825,-1.9719954653229483,1.1406831724449604,-0.07109518002716719,0
-1.9637812848711782,-1.101212718714148,-1.0388579667406055,1.8325612403560125,1.652178077803537,1.0473999590284646,0.2811920179102754,-0.510629220917495,0.36112522727022855,0.8123791232507328,1
0.10164071441013989,-0.1436146467568169,-0.42419316753115766,-0.4033797459686826,-0.6776004426847483,2.1830069857710153,1.0159372235635562,-1.9620036134022434,-0.8263067052644328,-2.174463626254248,0
-1.4973653204061341,1.9456326207536958,0.4256683473384022,0.33935581275622034,-0.9964258518150249,1.858065502982339,-2.703348047107357,0.6143261868791778,1.7310107964047257,-1.4506467133002645,0
-1.8091680491142026,-1.3535118118361436,-1.25924403604049,-0.9116173021539026,-0.7266512684192981,4.909522016805184,0.7820273875741276,-1.0095808971953506,0.10399435355502051,-1.9073383620054691,0
-1.6620466850215725,1.7154578895278543,-1.5578914862982396,2.6366691419455885,-2.1362550987036903,-1.700266745622854,0.04189592115427648,0.5234372352743315,3.3200579583269887,4.211556348051194,1
-3.1747207370209454,1.1402659500137753,2.1416778827242124,3.529055187570484,-3.587345947676374,4.889962058722136,1.0108397350203135,-2.0952593445058176,5.5279771457763935,-3.519715825965966,0
-1.72403977712434,1.0639109821809027,0.3575297178408148,-0.08106710543541713,0.23324490304578283,4.226760863919356,1.048399887813541,1.3609792927678201,0.11826947905816643,-3.4649838272632287,0
0.12848708223080418,0.5693699617088064,-0.7544929327539175,0.5445824007936281,-2.471185970299394,1.4462602008417051,-2.8500301093171823,-2.8754446404309952,0.5198001481209267,-1.0646983709894902,0
-0.9260912398857222,1.3036151582816866,-1.0372336181926523,-0.36931877015818887,-0.4246045807588298,4.738270783672322,0.08244176663484246,2.5452931761227267,-1.4686060686323246,-3.1044370648154453,0
-1.5142096615829435,-0.129466962966313,0.8434233068346582,-0.7507296070055988,-1.8671100098603115,5.070457575449749,0.44231686816448523,0.6122213931153089,1.506632131620975,-3.357250702638692,0
-2.466616413448942,0.40847527291449637,1.560100032613665,-0.2290810309217097,-3.871509781590949,3.7929004660104235,0.491445510894402,-1.2867413505052143,5.123878703066647,-1.7723382146909663,0
-2.3927994860897304,0.8071679276848858,1.696192409517893,1.2888634252063023,-3.0654428845330353,3.308259700056028,0.21838898754417418,-0.07826705883379281,4.657940243586824,-1.6716223643193038,0
-1.1673778132927528,-3.292112358043492,0.0017718742522225828,-0.9400159321237541,-2.545873924041307,5.5416175210609895,-0.22777097912363464,0.2730293171031388,1.3814114320690503,-1.529381683872869,0
-1.5955562460754975,0.06227885111251674,1.3874289664681696,-0.46507594620100606,-1.0077274305007193,-1.4614809380897191,-1.4464982035406873,0.6682351158824349,4.217197456372929,2.3821289825372274,1
-3.9325947460416923,-0.7316353581735178,0.2518136934106914,-0.5442961463142919,3.0714116886454255,1.4605784868965972,0.4672522151827898,0.5729680168382432,2.278150348911364,0.4681591891232516,1
2.20671186500405,-2.4187789869941794,0.019278107875474015,-1.6808704592381203,1.953038437257653,-0.7330056778246277,0.034271814200222225,-0.6436730205881902,-3.5297914060256135,-0.7066763692287019,1
,-2.063985944906439,-1.592282526035465,-0.5090938053115694,-0.44767009205696584,7.537308144579486,-0.12887737868875357,-1.6422367419759611,0.32374513453819675,-3.228710015526281,0
-1.4126483221322874,0.8462062459203877,1.154821255908189,0.6951652483301405,0.7767029882120948,2.5160953131019124,-0.9103243419282839,2.0518755258689483,0.580302754668842,-2.4470344079209037,0
-0.6285668127086687,1.1577405293263943,1.438352497885699,0.4608248654038653,-0.6114150189181362,-0.3708389841363381,-1.9632891478389742,0.9564736716251592,2.054452827324434,-0.1900246377747019,0
-2.1572006150025267,1.6040999456416152,-0.1443351398220365,-0.48915617518421617,0.03180188505811499,-0.45963223373979933,-0.42369071691067595,-0.8276111134086138,2.587511576915011,1.016684802751856,1
-1.9836748579211974,1.396390402102954,0.9925208806611253,0.308292063638821,0.13952484688219302,2.013570259739856,-0.15783750984025996,0.11523828910644562,1.8374403465083402,-2.001673159807944,0
-0.2574585169621585,2.2009509198408215,1.0830913404541138,0.9080226625361912,-1.837348309577449,-2.9838718822098573,1.6389605275998331,-2.264981952123864,3.3355111205811006,1.3971614074458296,1
-1.0018270286533755,1.1899112777533376,0.2473865147108275,-1.097143649628814,1.2534992052668037,2.081528153019102,-0.5522612521126086,2.3223313358603983,-0.6703032987570116,-2.0489007446369514,0
2.538176075939854,,4.296351484628749,0.785345603010283,-5.098581522717234,-3.9278339143234335,1.411356861745625,-3.6690563956735636,4.356160981514329,-1.3001427177234066,1
-1.8999622781429726,1.800220184289793,-1.9339570714648548,0.39876376442481426,0.9005056073895662,-0.4235595815861437,-0.005106632027225022,1.83590412018417,0.5371864900023435,2.279315120811935,1
-0.12124580657977835,-1.3911966668345646,-0.10666431463819459,-0.3451040968191901,-3.6309507011977056,1.7249073297389073,-1.3077765651476607,1.0348578483151636,2.2397249244276787,1.2535997833112678,0
2.6952323589991574,-2.4519829479101594,-1.602972522820625,0.09931381495134962,0.8038638384393288,-0.8337948610161083,0.5923295470133433,-0.39583733201449434,-4.161331155563128,0.754094347906658,1
-0.49926978940834055,-3.147250578300472,-0.9920550581597894,-0.6798885397361863,-1.8748424067343228,2.5513962894883297,-0.8335982829664064,0.8704594896747788,0.8030499520367476,1.4113605645716594,0
-2.0063181714313254,-3.1901842539173217,-0.8458410713617224,0.9911911129266663,-0.2494181796162731,4.824998429117249,-0.081894379572493,0.18334126089302427,0.5552040309246284,-0.7813876653220436,0
-2.4212072525469943,-1.5976056298571315,-2.7197520584114923,1.2434282781029249,-1.2699065499033821,2.004363187941296,-0.9282199673480178,0.8786025913553084,1.8088214995020455,3.4158105573694675,0
-1.2729287835208334,,-2.070051392853472,1.555198534147342,0.2577526797161811,2.5680959911923367,-0.5913947298380474,-4.387955823037141,-1.0568054248855334,-2.2096085137503727,0
-0.20695516244586454,-0.6211852092255703,0.10485694103127385,-1.5858456403858474,-1.1594373830698383,3.002181698738418,0.9853997114500495,-0.4393538637063179,-0.07708425435084257,-2.1562162417371287,0
-0.5782640106472412,-0.7342717819634901,-0.5373659939133995,1.489599409447649,0.42018984883941557,2.7394795740313804,0.28123049221860413,-3.189134090667019,-1.0057633350857553,-2.704623705252472,0
-0.4683843113283995,-2.547053820228844,0.6340875640592145,-0.05727041082210227,-2.7899284690110777,4.828609149813914,0.2722367253273881,-1.1742385061604284,1.2499355874080438,-2.512531139289429,0
0.8067528769677905,-3.8211555297600874,1.3074459996874985,0.4705098473785568,-1.2517851472758812,2.593417563757634,1.0581700938241017,0.8423506341380373,0.07619044625753091,-1.0866920391372652,0
-3.710257748319545,2.7553668940489167,-2.180599887089711,1.3534536476212031,2.2473715258640308,-0.33193487622397466,1.6079150611191575,1.3429341142181275,1.4933848322847385,2.394672008375636,1
0.7011794621188849,-1.0177138350299955,0.3322022642124789,-0.27837296760789404,-1.8610959866701566,1.0636588265316462,0.08559470394452544,1.2272427056387056,0.36429604020497386,0.010278875228811879,0
-1.0793455605461424,0.12326827013572195,-1.5455467629820228,-0.23875260206343432,-0.48712736823340896,2.5220256181608733,-1.3200771877373016,-2.290786686833405,-0.30461885755496454,-1.2094314944896136,0
-1.3371332286537125,1.006139665125852,1.1778169018750588,-0.9104867035315213,-1.875049802034272,2.072578986155187,1.0371814056490503,1.4947044010213872,2.65991346935274,-1.0789504650891169,0
-0.5171716719985167,0.22502456576441787,0.9474433756971398,-1.6413801156020968,-0.9525770774538578,0.8533858291075518,-0.8935950137191204,1.5651819774735267,1.4771522181321672,-0.2986652370903864,0
-0.9097307732106923,0.8972734106875855,-0.7774183344648506,0.475751991831532,2.419094899756061,-2.0529195117009618,0.3097267791360022,0.09220725020270515,-0.30636777754794087,1.64275181861771,1
-1.5275074175279615,2.390979558678747,-2.2911012888025373,-1.5198927996189848,-1.3767444976804963,-2.011047982548117,-0.5044226832971694,-0.906991749411119,2.2048546077031013,3.738071882777837,1
-1.1685330829376244,0.6495213174196058,0.03682480854674797,-1.716033248310689,1.075565267238086,-0.18915721744710778,0.6751370564069208,0.836829501319525,0.6779321634277768,0.42743835924082585,1
-1.757408004846948,4.338571525872956,-1.5683228776933351,0.5805676870356148,-2.5597553922690675,-0.7868702600996234,0.32475823953354177,-1.2410004507056123,2.9296155224862375,1.5637635679054256,1
-0.01205460017942439,-0.8570600484326534,1.9004291138302505,0.07225204823791581,0.8790969600492851,-3.752779789337014,0.9065441571099638,1.4523811000194076,2.274864772957148,2.9986251039618534,0
1.290723337946602,-2.152219850093819,-0.9952522345012234,-0.29786680495686124,0.31241995838961245,-0.017026888277836827,-0.6308455507908564,0.5288154079155565,-2.0904616667784195,0.9344758458943084,1
2.233617450599376,0.12132810316633713,5.526212599338169,-0.9506906934152551,-4.4498834489085635,-4.302071654688932,-1.8119893375620542,-1.487665211810439,5.582988013785851,0.49494515158374375,1
0.416969689798689,-0.5711168268863667,0.7104441874043934,-2.241915934508913,-3.6453279860362158,2.3338192623586003,-0.6673333812164803,-0.8074325119599957,1.6335309225302093,-1.3275967357511864,0
0.16523206677559332,-2.075773948072369,3.1433120880810788,0.3389758936682615,-0.49856187380689543,-1.316481948145129,-1.0141642181269683,-0.7421385785476642,2.8790304617914315,0.2583807916206735,1
-1.576906804625561,0.1334469210129543,1.7304390984836373,1.1633760551635501,0.5241583275699591,0.14306817653590875,-0.6865387531537689,0.8343670172101467,2.500893868928024,-0.18432418087141533,0
-1.848199633013743,0.051611021347779173,1.104725676559983,1.2744284266875814,-0.2556183582878746,2.6672333976427884,1.1188945979306693,0.672138475488733,1.9375124067699985,-1.7209320129191217,0
-2.0736441703782837,0.46300840870031523,2.5413876058115115,2.498430483721495,-3.052446725955276,0.8964568776740252,0.7031401972360493,-0.6813457299051544,5.8778230789491195,-0.06180956026937978,0
-0.5777306388983293,0.9222110123738197,0.3399150454360834,-2.6745671281541408,-0.4228705332025745,-0.1651601269223244,0.28004534269740444,1.4220736016561424,1.166359013710805,0.4887536229088547,0
-1.641066616805731,-0.1902805587838996,1.6388865389594311,-0.918019061638965,-2.527385975545523,3.0889535130333465,-0.1585376924164567,-0.08512417474737632,3.5270858483277343,-1.677293990337475,0
-1.9783227263591525,-1.0667625800182394,-3.168827714110704,1.3491351051134295,3.4127340488166977,3.09925026296004,0.794923113875559,-3.79487803726458,-3.074979667302481,-1.6552658794606259,0
-2.352990595497863,-3.7255810740333355,-2.304000416069192,0.0077278931756846435,1.3548859094320376,4.694457470670221,-0.44258929277415615,-0.006460573296599992,-0.890056303296122,0.07391426646042065,0
-0.7769579108999587,1.4314753421743673,0.02584310593253003,1.4287601620367705,0.672146037540494,2.695939261475429,1.0725417995727589,3.3847780900119964,-0.9678268781420326,-2.221491275233612,0
-0.30065094989347463,1.9989026969970631,-1.370905787360304,0.7147317275176998,-1.487512063344933,0.45995729557810905,-0.17237495745366196,-2.4539790906785006,0.19937815824047211,-0.4799132464075626,1
-1.5259403798925955,0.5683471650442258,-2.658845686448278,-0.17961972140563326,0.41815212384318245,1.282910807334269,-2.7738149399339167,-1.2471696342401846,-0.55897807712105,0.755870241729335,0
-2.6042814732173425,1.0577492136283162,-3.198085891490115,-1.05649707062526,0.6477929329484151,4.5273330509101,1.2497104201843185,-4.298205236113217,-1.2124631218122794,-2.63113687455884,0
-1.6004203284174616,1.1388302385098916,0.711516081814967,-1.210160502980885,-1.8629948911044512,4.549384567283715,1.2272738220812627,0.06692438807697065,1.5771159095249119,-3.5629508823059726,0
-0.2216384057028743,1.8804676222142658,0.9996504683366679,0.28305316225865373,-3.207829617148522,-1.394676616322788,1.1196877785533812,0.8511171660169358,3.583881485853713,1.6144137401950558,0
-0.9942864092996502,-1.7934248714515648,-1.658522472033817,0.6024734362823633,0.3145538841765836,2.9024669701461114,0.8157544866520694,-0.23238219970955487,-0.955104554565337,-0.25326940373436724,0
-0.5735397333677279,-2.623832524905608,-0.4317390309404431,-0.7312545688129569,-1.0120923309002618,3.6595381144473857,0.3056655686425959,0.16096596402363628,-0.013598905632530744,-0.9381143659350373,0
-1.4613631400939364,1.4467904572960255,-2.61610870380115,0.3225046602899047,1.0667698886980692,0.05230450250774776,-1.1569413972294713,1.4569265748947677,-0.6902327800716326,1.9343274385685798,1
-2.3144664669821218,2.1463797547195704,-0.4277170322637551,0.15809487586680993,-0.07109485290222795,5.942839246148564,2.0642201348524107,1.3562644430198492,-0.30335981890175123,-4.675938217660658,0
0.23785261931719437,2.6130346542057348,-0.02066324377514217,-0.3278064598765229,-0.4498513389948423,-1.253153283293083,0.5207561203587112,2.2595692164211965,0.17349497989041246,0.522504975092901,0
-1.9871540590952521,,-1.8134216045361289,-1.1516811090343435,-1.5515688647142127,3.4011735253613615,-1.1809724836643856,-0.3961758818548936,1.0657720015985892,-0.20353677654816615,0
0.18599729311040303,-2.7843563794742376,1.4482986489578153,-1.1132948341146311,-4.54649870398021,4.726345410982305,0.8918630221607488,0.2807166146084308,2.275999339344036,-2.041985028912859,0
-0.8580452715575466,-1.5206460532431865,-0.5603746388614455,-0.05706129143115594,-2.1623967904030024,3.4605358802876616,1.2855822343616794,-2.136194915387308,1.059554057424494,-1.2133899245986148,0
2.198125858503021,-2.6548163838441905,0.42211951303652606,-2.651828063044949,1.9397185305416556,-0.09690735682521434,0.5896392313574,0.3244512311785761,-3.535704715758924,-1.1736336212760752,1
-0.9782106270700365,-0.5031996577831146,-2.1382589785408657,2.044481557199944,2.179342801174575,1.8275170232577724,-1.8730058309306206,-2.172543561408265,-2.350178293256811,-1.066984173035866,0
-2.3907116746114774,-0.016016172689591768,1.7701206711608781,-0.6072614140860845,-2.6387736108630078,0.9888488559945663,0.8900577324754597,-1.492394626603474,5.568165704093359,0.42924771247658056,0
-0.49669052529775326,1.907589619511447,0.24964585729715827,-0.29045391622778904,0.42189413642123386,1.0174733511044396,1.4622546040347288,1.7405103910799131,-0.3139520683092158,-1.5531340727926752,0
-1.6473936133329399,0.841869014438229,-2.096272135016092,1.3954340821991853,-0.2754076606792615,2.8119270478467717,2.369287300811497,-2.0490311261682024,-0.3021295657576184,-1.1313897044759333,0
,0.23195561119118613,0.19807972211193148,1.8060891178369614,1.2976151562614353,1.8547905935685125,0.09452756758846836,1.4661262787066454,-0.32872389898117316,-1.445559349988458,1
-1.3956323561561526,,-0.273756278019476,0.09030979920643496,0.7123464636457011,-0.01571255629275803,-0.8814337052269955,-0.7661114378421435,1.1910284630550496,1.0421316582939915,1
-0.2517759378447545,2.3461072132444687,-0.2597441538148608,0.2820342192093425,1.527821035747582,-0.5095223730011321,2.135586730077366,2.5520304684961745,-1.1186026063341061,-0.3895327382902869,0
,-1.569791832162065,-3.565495870603833,0.2775525134935317,1.744431474504089,4.818591930441421,-0.2570524088130647,0.28474452246565063,-0.7538097881897401,0.4081123865223222,0
-0.9939193139129222,-0.4621189498761229,0.6452301593593758,-1.4811457246217157,-1.0917141664556964,6.646409919342885,-1.9645360381029247,1.907455981212804,-0.5147457383858796,-4.98042831082968,0
-2.639803444211113,2.6631974153634843,-0.05331127045817974,-0.2252626424913536,-2.8401231750444524,4.484497265097373,-1.4387201010568695,-0.0660759098990702,2.9803959153072257,-2.633971106017545,0
-0.5123500906539696,-0.22788207020467244,2.5609519668096765,-0.4665740712027766,-1.2405074159070912,-2.300752569249468,1.3528005348967251,-0.029069537583994887,4.115758653196009,1.6770438156373295,0
-2.712609434385664,1.79789934287603,-3.9292929212774985,0.6700496718155238,2.5396814599187154,2.6561185621821197,-2.3789960407532242,-3.491350391951267,-2.1743725751756164,-1.2504159502171461,0
-0.038671153592373275,-0.01448250523709782,0.0934311116990707,0.06450597286257172,-1.059930627049168,3.058779787785252,0.3576613666310894,2.767463902456502,-0.5044261094978203,-1.7425079223511077,0
-0.9791892675087432,0.7456854170192586,-2.247207162411005,-1.7392051521728,2.05190945286163,1.1891156368278974,-1.1145323150080617,-3.7511303296116103,-2.2160098699860655,-1.4768481921021224,0
-1.8585900872992862,1.661176692168142,3.0005561272843515,1.4246277320772434,-3.6647980338914072,-1.100289545466255,-1.22322023006193,-2.758050714108226,7.0516683103216895,0.45012075241040517,0
0.2290638617613323,-3.0926575264974776,1.1409686093516371,-0.9807880084135592,-2.702116021448635,4.404880383277635,0.011862679180784205,-0.18721457147328724,0.8635658163476682,-2.3892040879698073,0
-1.7001635804578794,1.1367356489768605,1.3688542118102531,-1.0042905634942532,-2.1206949839859854,0.12185166807187642,-1.5065252580391153,-0.6777208569658071,4.2872045406222705,0.4007366211336021,0
-1.2970478250282425,0.5493951619630584,2.293835219803853,-0.48298392607284074,-3.0905392303252746,1.4349256437534308,-0.8497209214776963,-0.7833629508263962,4.523206955028314,-1.0826608583784352,0
-1.2617614520910636,-0.5717976221320451,-0.9750130663796183,-0.11599707232153356,-1.3297604011262596,5.041159360443764,-0.7423863704307346,-3.8372660045668185,-0.14958639865917056,-3.6595090133809864,0
-2.05289717051807,0.0004632668212252167,2.270364377434836,0.10908297034983186,-0.18704115000180643,1.9907817227709126,-1.151997547579143,0.6440476143999996,3.1241632949849993,-1.6844747358785939,0
0.21772318550774328,0.10682313150990708,0.941705719934201,-0.35807944617931886,1.0228462839008041,-0.6732197382875094,-0.06644897530945597,2.651764851052647,-0.22606442178857677,0.14115469443072293,0
-0.30913407253982617,1.3434755239344067,1.152650726431596,-0.6078238926156243,-1.488306224483311,0.008107942600856483,-0.5042980158126232,1.8377112479065185,1.938266142978423,-0.03896899848788693,0
-0.6294455233315606,1.3319688832950243,1.0541462074281247,0.16648527257714707,-2.2997818960820653,-2.1386946673410834,0.435546318992364,-0.483631501939059,3.882211143629548,2.1018925329519154,1
-1.382306026390451,-2.6471677356248877,0.12145219549615272,0.14782073903652695,-3.5171148945346444,6.193377727069421,2.05419384125607,1.4077390553940723,2.04608937373595,-1.6566364273579548,0
-1.953349466412899,-0.09712236792644457,2.8809236853763105,-1.7016658582874162,-0.281602245771551,0.8461897898741608,-0.0596543119921916,-0.27904733480720756,3.955301023903254,-1.2054942403009314,0
-0.024302315050563017,0.26398110913447137,0.7147436090882315,1.4758791505039655,2.316888615597025,3.5078293486439414,-1.2843870360725143,4.3023026343770825,-2.949223335070738,-3.9086965127141866,0
-1.7137525044280437,-0.36716658368394484,2.508208395818672,1.693547133413672,-1.0673158276331078,0.427248612359466,0.02233923931860801,-1.3224763203922132,4.2644841044822295,-0.5105921535366094,0
-1.657323189928809,1.015911356152911,1.6785788708100067,0.13965368956535082,-2.303169006062951,1.4666701991367446,-0.6003856928711058,-0.31276286243118756,3.9513884607671197,-0.9207976704535221,0
,1.4977284618156932,1.3593194137719955,0.17852916972047786,-4.489321813403068,1.3396137740537075,-1.4239581121976068,0.1244734455307277,4.544757751212608,-0.1817771420830625,0
-0.5657900320598666,-2.089350286804749,0.19102759829951177,-1.615846470966832,-2.0720181221324827,3.4812279772735977,-1.2855991140527723,0.9714331232399849,1.1174168646705611,-0.7350257071397783,0
-1.2902239354352407,-0.060152697172127234,-1.885780370125607,0.48279012406031796,-1.0438254357669816,2.0667279183309444,-0.06338985203481078,-1.810296367341471,0.4198835185852102,0.14770731554464334,0
-1.129010035003179,0.6721380021743877,2.762357249002318,1.9529173824895107,-3.064792820294009,-0.08990130178428346,-1.7291828895034203,0.28353155654759565,5.227732411667547,0.24685177144645087,0
0.37303162990629546,0.14720847845116003,0.05108897663780376,-1.333148008477209,-2.225756373342177,1.8822557819691619,0.33271932958518796,-1.8254431875098853,0.34852935707891847,-1.7859558568815277,0
-3.349028224715927,3.1675135832157824,-3.9180774570034855,-0.6518885825313808,2.2812139675796765,-1.477453249857144,-0.779375325260117,0.13078335718047318,0.483223231206404,3.8191571018195702,1
0.22065751152380342,-0.35118277505649687,0.23061519919648577,0.03855516878431771,-2.4254550822471908,2.5481289078830685,1.0852222636616315,-1.1006136526484034,0.565984136050572,-1.8625420640125614,0
-2.547577535974801,-0.1331557195731925,1.3855893057655484,0.8767141863861161,-2.541135280765178,5.507574208407885,1.5914003677628041,-0.17575258018450768,3.433284534303191,-3.2980363408909636,0
0.5588775749195187,-2.2168174891846815,1.8384726810835446,0.39537368118566585,-7.844223258027899,5.311233510710469,0.9316659668680948,-0.36489783705938306,4.138989725835891,-2.125094130451517,0
-2.9554142916716035,1.7076033200046625,-5.558614729022356,-1.671761273328167,5.326184304879938,0.13868074659711338,0.1177074184609581,-5.096543585849094,-3.711945919929279,0.7898872656437312,0
-0.26034419889400173,-0.30270705805831366,-0.7361150767441104,-1.809267714588258,-0.08378100351003193,3.258258127018191,0.35533819559013685,-0.746983179885853,-1.4576522978067707,-2.5897198524734213,0
-1.7030965647873613,-1.8496466208935853,-1.3286532356854484,0.05969188057973627,-0.5028590322382045,3.4150645262421384,0.19340636718971696,0.44506935888432997,0.5153306156847826,0.1723299703062704,0
-0.6551551087313943,1.877641998433493,0.14499586421401678,-1.125654967800585,-0.23904093675052362,3.264996921010594,-0.7202120210067899,3.010817772328943,-0.7006172095605646,-2.896590223044727,0
-0.36653587487821715,-1.3461166303452854,-0.08756065247543665,0.8179815444538614,-3.086834762601888,2.6547191890230777,-1.039220163990766,-0.562668711941632,1.7302371195438153,-0.27549222565465836,0
-2.3970184214533687,3.6135929737819836,-1.4977337740789602,-0.4211988166129132,-3.038082710109654,3.170575553750592,0.6844504776364279,0.5443664724682213,2.445439425765999,-0.7852703842787867,0
-2.2253756465291055,-1.8816024444016297,-3.1252926594956256,-1.4846047919196528,1.2087144936030443,2.939593516625142,0.3137231828969071,-0.4201015085161136,-0.8999300377370836,1.1932673346381644,0
-0.6079173530985431,0.17283185788527433,1.8051239217655024,0.2990857340211059,1.139022224722976,-0.2595366611332661,-0.11131884879780068,1.2574803671210644,1.0307774812607722,-0.7472757224494581,0
0.5847126763684696,2.390047234249057,-0.9918611073373851,-0.622270222893996,-1.2316441008474812,0.6420513561777089,1.4697842587874956,2.920479789847368,-1.0628590061888894,-0.2874614495731497,0
-1.422969246020279,0.38279994904535886,1.7417735618971586,1.267960487103089,-1.6577818279663608,1.2464024297856602,0.43945269045799057,-0.15644462290690297,3.4068830675311137,-0.8217630039462257,0
-0.6927451719121387,2.6849508279015377,-0.6530392695192924,1.402009325919122,-1.6456467435099538,3.3781095176035976,0.6852900847109679,2.0730040718035454,-0.2296037348270027,-2.5187625829469376,0
-2.9257856425418662,0.07011794303146957,-3.7023807729449327,0.15140739607201872,0.2420150483868433,2.572764801114786,0.11758862988720224,-0.1685948041850076,0.2413164400227248,1.9146380767960918,0
1.4679351154102998,-2.025403813622115,2.286819229741248,1.5027343263055881,-4.099354711431209,2.3852675489589963,-1.7806256729074892,0.19630786513734355,1.739342871292337,-1.8930185174779752,0
-1.3911236828150857,1.131046148061793,1.4315401040427571,0.6078403387350085,-2.090623772099234,1.4527547132637713,-1.2395880125250283,-0.32160883255293315,3.302828662047022,-1.1099605957453904,0
-1.6749761194795263,-2.0152900236115636,-2.0571276330662256,0.725081044447508,-1.0251595971751923,3.1564931072876847,-1.1554517938176596,-1.0800706595444098,0.6056157212895759,0.7749483396356303,0
-1.6270897829831568,0.0755134124665835,2.7340404763631843,-0.5436068960930526,-3.0761156000517147,0.765886097088758,-0.0023689161328080566,0.16689555016212565,5.556422012964834,0.09009700056520575,0
-0.5507958915331994,0.2505215904442334,4.205145298878527,-0.28815603051111766,-2.2757455840031144,-2.9045145570622894,0.07904780215027922,0.42380782039245934,6.071211244959478,1.565539952802422,1
-0.08410318797993532,1.086987532149875,-0.7608727922635006,1.1671207880032974,1.4412443494886542,1.4445522608825563,0.4168015744831139,2.7872987980052804,-2.2427046152711063,-1.3156915283649608,0
-2.2638385420685885,2.7042219756919126,-1.8587590462179353,1.1328046971748071,-0.4453496005151325,0.464142773998365,-0.4047953794202932,-1.281260216999944,1.5131239903866964,0.793280333450585,1
-0.4353474773541597,2.5395964094065326,-0.15487239365308114,0.33776609905460137,-2.4177138401361917,2.20154260365343,-0.7494159869569733,1.3235891507124666,0.8658236344997545,-1.6506398054533205,0
-1.1089821789645544,-1.4489582478203515,3.518891033042699,0.8091127907313788,-0.5933754996096612,-2.629951550818283,-1.2077593925433523,-0.37545620206070573,5.275735395507631,2.08775166683024,0
-0.7577773768600814,-2.2704844802400252,-0.5699031699372037,0.4753349254274913,-2.8835032086603665,3.556598059012076,-0.4580251830145565,-0.022201469576938138,1.5330819150870991,0.028951235387512986,0
1.01358934551791,-0.7104364594255019,0.1843307789162929,-0.44360683020738595,-1.5966911090454865,0.18560214991808566,0.6882053064528827,0.5158703492043004,0.04019476400862576,0.2381486917475475,0
-1.972812761607386,-0.2376561005551845,1.9162188360010801,-1.3581749214775936,-2.4755623982596875,4.787842252110292,1.3181970672340253,-0.38958323180185417,3.302142487823813,-3.405270968230905,0
-2.691599556129349,1.0446301113867187,1.0273789913071778,-0.15974849799158664,0.6680700730706495,-1.1037666657592702,-0.8888596980356747,0.13047358003350285,3.832520409941521,1.5831903319238794,1
-0.8066862830659363,0.5810478510121926,1.30898866449128,1.086380711205838,-2.840769897632745,3.18389032070675,0.5682733771527843,0.6476979523392664,2.349161326657467,-2.242312124249721,0
-1.568798969605015,2.737983824695769,-0.9787160503963719,-1.4069774621039888,0.5606899617791368,4.085928875503368,-0.22800572680971787,1.3411362435379321,-1.2825791138587341,-3.6455909156710993,0
-1.4747779209371363,-0.44388118866319126,-2.032965571818786,-0.7318573084158859,0.06765940603342213,2.952291270595124,-0.8031108339533145,-0.8457080734972507,-0.6073094452186836,-0.5175592598064442,0
0.04806263548400702,1.0690156620326006,1.0384012432327219,0.8569755369827861,-0.4235940629113214,-0.3512243114473558,-0.8105286298216263,3.022376651953096,0.8265124412621899,0.13915412863170973,0
-2.2494903073884114,-1.608410554762532,-2.3839969949939572,0.39495797032330715,-1.751089243805041,4.564985891854906,-1.606256788401958,-0.30714221736237124,0.9832288293636682,0.36868575612225185,0
-1.05309456827589,-1.3663485749655195,3.1226363994626616,0.46643128741231693,-0.6338294313705389,0.3723657901170263,-0.2378070374259397,1.621004182254755,3.623727148122221,-0.11324669468295134,0
0.01703421367094693,-1.1176019688118566,0.15028236663922834,0.7267940464018038,-1.7872245752813432,3.2726001381875762,0.24511428437261784,-0.6938308411182039,0.09059245240152736,-2.127787288265731,0
-0.2573119218747637,0.1575985966395228,0.46047355792359057,0.6959321009408497,-0.4181308342851975,4.2666507037585495,-0.9509533830944716,3.474923497956864,-1.0779652057552134,-3.2186932124379086,0
1.2075351454100165,-0.666539297530933,0.690495177024046,-1.9465252863588642,-2.97264852678827,0.8290796378116139,0.22392687394660638,-1.7432349989600064,0.8201143137713922,-0.9545663553368209,0
-1.0320727985155436,-1.1879681380005311,2.9280377563290667,2.3654077719999735,-3.5795767311322835,0.7494486293490601,1.0895365830766406,-0.33886932812705384,5.497587945225398,0.3215344458270417,0
-0.777822344451853,1.8981970808399162,1.173511326446535,1.796665201675017,3.038140264797633,-0.9755537612153048,-1.0990392245318592,2.3754665958180876,-0.4837258564022763,-1.0062344502491614,0
-1.5563024807402264,0.06551989493681187,-2.206788495730934,0.3970466698823999,2.272707821767177,2.2823711721272986,0.5724453061551018,-2.6675553729181325,-2.0210197078665124,-1.5549045679397775,0
-1.8195490190569579,-0.013438640911319188,1.832385887535846,-1.3011092663913453,-0.8184438029928616,2.8394189895220308,-0.4296349785275087,-0.7370832015439035,2.672996865667597,-2.530485852199047,0
-0.709601728890775,-2.959652443565396,0.4626160849242513,1.8197717873125976,-4.119412195595956,4.395371841038344,0.7191686663554372,2.7767583587873936,2.7001502746824535,0.28534063687844946,0
-1.1652100086729573,0.9859324876266775,1.7054612613664497,0.6190329465885325,-0.652200080560655,1.2145088291849915,-0.5168468831738285,0.7285138244220444,2.2236099196393857,-1.5055826236282785,0
-2.7640335161710468,3.3775394578587803,-0.9749777844792833,-1.1966655922843958,-3.6669961866403025,7.826599012485067,0.012223548415169466,0.31287314913855147,1.598133871424175,-5.162096509710068,0
,-0.38387835460902797,-0.36396467044152925,-0.8859707338977769,-1.5928933507888963,3.381420160867543,-1.2060223714081189,-2.7694873206787776,-0.14259204750961368,-2.813159487811568,0
-2.0344510603116346,2.9971392211772367,0.6622293325800708,-1.6254922701998327,-1.2494950762983708,0.9107063350333837,2.0487082576988507,2.347117458668029,2.9944092261436595,-0.19817985756795498,1
1.1870522636220993,0.7323664924805855,1.5931405323934111,-0.1493614956496412,-0.9746083977361562,-1.2974059452309026,-1.934964117240471,-0.21051565758883406,0.6059777110210969,-0.681588422538925,1
0.12800692545594394,-0.3970494533293558,4.2141163722455985,-0.6789803464631321,-2.2756616763069686,-2.0207048270284464,-2.3960822883304163,-0.10321405619831692,4.9178725914088055,0.36523096756229956,1
-1.0279559822717281,-0.5585776047551332,-2.4876066143474547,-0.2899813544366399,0.32097296642556916,0.2793090110817972,0.3343270545535034,-1.2643813886581072,-0.3859291187775715,1.9441937334973178,0
-1.2357487137625487,-0.7982466360265976,-1.051547372415891,0.8640699821389469,-1.0881793040113978,3.4417258406721536,1.3111622966036165,-0.5572878398773368,0.3443935616122219,-1.0128574231623175,0
-1.2678451278611884,0.6611487039005867,1.364670887262848,1.1568337810369889,-1.689581774209923,1.4232216464472653,-0.01622311759594124,0.752222378583479,2.8920699982300846,-0.7268728449054758,0
-2.2551699597462425,1.7842116146503182,1.1268996726742588,-0.18901429768247416,-3.715207535674613,2.6179075961703377,-0.7289592500331622,-0.30430852953449694,4.806931502371284,-1.012051631678248,0
0.4537198500907573,0.6791477009227257,2.385078876596558,0.9959736788464457,-0.11072679930273144,-3.32898017340725,-1.181981996068219,1.7740089713920768,2.2645801066962576,1.6003194888108547,0
-1.0116070299225615,-0.11779848598443654,0.35460377619417305,-1.320892282506161,-2.2366052069562246,4.456581264603085,-0.1330031639300636,1.7886717564655372,1.1412673012610115,-2.266244351372003,0
-0.01985809911100178,-1.9545865523973323,-0.08228479158766622,-0.7560040194566048,-1.038212213313922,2.633929288866902,-0.45025338777827145,0.018702131881022988,-0.1354127402655921,-0.9710917271796505,0
1.5004522838905912,2.314719572253556,0.7114714115479666,-0.3635732949150291,-0.930263735493164,-3.9587319865959465,0.2912027551380325,1.6586388998187511,0.6289635385368078,1.9988289614751995,0
-1.7555173810009204,0.27848564406488463,1.1643416180295776,-0.03227689410261781,0.43269189990163404,5.276896381522099,1.1992995729215856,0.8183232929719304,0.11561560063173215,-4.853406198916392,0
-0.21920157824836162,-1.542599383206892,3.2178207716916223,0.8531653064131918,0.05905431451418752,-3.3000266342650266,-0.7823539225019935,0.09364020964012709,3.8067497186148453,2.1759395971850877,0
-0.23236432869325097,0.30194727390980625,1.1281496454453501,-1.770481137776078,-4.3340447866646095,0.9385513255190775,0.9280906109910811,0.7844327575111903,3.700427976296405,0.6001706936903193,0
0.6932829355034749,-1.4310649654130652,-0.01825706566047558,-1.0800026083821321,0.5893869341676552,0.5802743927893153,1.50506203860833,-0.8771106178176801,-1.3652099148937016,-0.8344588603266176,0
-1.7910237288569066,-0.43583187960604197,-2.1891275092883333,-3.044656539243162,0.22457501177497807,2.8089592274755493,0.4562494885285328,-3.2471006361315418,-0.3398802560511689,-0.841537875013062,0
-2.415375502938134,-0.6118777788974502,-2.9792261095807966,1.2892030514068733,2.5064120021293896,2.66466396017506,-1.2565653359454354,-0.8911621428711289,-1.62001094930605,0.0416800639946211,0
-2.449734513114218,3.1453073782372893,-1.931379305347387,0.2320946379285372,0.17004882350251116,-0.07443322387160523,1.1166812750675223,1.1784540372122856,1.4135428007585933,1.7324018645207637,1
-3.3152539191790225,2.827536138935144,-0.9000839370895769,-0.853932908460056,-0.23937650819379996,1.4939169133964465,-0.03509646678459442,2.551255934150137,2.7344882629897174,0.9135626543962168,1
-1.1320414590341232,1.5663584693412969,0.9311324236294718,-0.45389141615312834,-1.3198280427285496,1.9073948885958805,-0.0885442145830127,0.9847183296492636,1.8332237769790125,-1.6361086240028335,0
-1.8708615613402821,0.8846088974940817,0.6223601661835492,-1.1530843317397823,-0.5916912494976789,1.0892291979665756,-1.2715485208922839,2.50453198283682,2.523303600074172,0.45029708552617875,1
-1.2322293150051284,1.862034296480194,-0.038035115609984294,1.7984800871381175,1.3414109672021732,2.602433658625286,-0.9783079498224979,1.9759038653979015,-0.9478807494241543,-2.729966209829791,0
-1.9992556621783253,-2.197631508347392,-0.80994516328262,0.23425926445676556,-1.5404500674737753,6.289461260556918,-0.4486956826194842,-1.7190754784445363,0.7168841672220079,-2.803950160701202,0
-2.1336543342143224,-0.4984785377463701,2.7308338521074917,-0.26003625018044474,-1.0846644436741095,0.4286670723708783,1.431152117761741,-0.17606362082647986,4.951975040991806,0.08707286129366199,0
-2.1872887705330815,-1.0702086517462006,-3.241808541777715,-0.1840868670159194,2.5920763342397746,2.635329725270168,-0.10986412310193568,-2.6214329631366815,-2.0305025381565582,-0.23530841634496402,0
-1.478443753376663,-1.769196912532439,4.584841353961759,1.455434483915325,0.015420227456371727,-3.413034862318419,0.3735336834117687,-0.7785892236024639,6.302695515405641,2.2033485605540664,0
-1.481689417725593,1.0321845087668808,-3.7645495681746226,-1.874892064047533,-0.06232034668402897,-0.5453147624497914,-0.4805744132024745,-1.516664735075923,-0.12459521982350852,3.180924066341738,1
-1.258567932328598,0.477550211977364,-1.7617608564818803,0.5647891059076481,-0.2136444200337866,1.7352752657102293,0.3350543519121714,-1.2369605252955993,-0.10676328433497662,-0.14830792033403595,0
-2.2049761521254627,-1.3720557245306564,-2.0267615057656796,-1.0179114904771591,-0.39592415391470825,2.9402902897183756,-0.4513028643436646,0.6603138121617687,0.8144822389545481,1.242260344292239,0
0.6136053863326774,-0.39985396751439173,0.7589832378920318,0.539764512828342,-1.7047566975442758,1.512951567412423,-1.7941435111986004,-0.9535948333233799,0.307293035727514,-1.746783875904752,0
0.26631352919047413,0.7240040182720038,0.1043323240725218,-1.9227717720623363,0.7694870601393005,2.339614009169781,1.639256516741752,-2.616805680823411,-2.022499149721225,-4.1837117953816145,0
-2.22381460793613,1.1600701296273908,-4.25185066706187,-0.015471640726739578,3.3584178639230107,1.1406836773911286,1.3137821765718076,-3.926228480599443,-2.7981850891206292,-0.047023270205874934,0
-1.4848633351299987,0.5722339990232301,0.112126667978515,0.9625028858001017,-0.4476117225513052,6.283344469906815,0.6817434088151417,2.579180921227719,-0.6776682076936691,-4.569747202016394,0
-1.0423007892704306,2.0434584237183158,0.28099643202255464,-0.906902874722061,-0.9067335904734647,1.6398552015905434,-0.9489528277686782,1.9144795284503129,1.0840229634662364,-1.1794628193309076,0
-1.3971344134958978,0.4122628978683265,2.526098196050511,1.8167556295751046,-3.9557988339800483,1.0529624900850776,-0.5450872299955903,-2.146338791303285,5.62972313871005,-0.7093143682641565,0
-1.1893365014190844,1.3900500192995282,-2.5629470344025527,-0.027384320403744018,2.987437850414382,0.029351221944096784,-0.27036669676116976,0.29952959142405133,-2.417837442930291,0.48526868282275226,1
-0.5443796223158639,-1.2116003328635738,-0.726524989941516,0.26429021015325105,-2.6297888437913843,3.692636475353399,0.8552015077482625,-3.0987069762708934,0.7665035989161284,-1.8168447279113387,0
0.7312778967806144,-0.025400538138255824,-0.10756735596354827,-0.4647672239117277,-1.5940605779641641,1.0978041530059186,0.2172079375284009,-2.8478818283987124,-0.28038917902360794,-1.6782710364226083,0
-1.8145481824367868,-2.1019393493728056,-2.47683293389989,-1.7632366989034851,0.12772715203571972,2.4118523469405475,2.2887906608802893,-0.8154016010344652,0.03291874085058444,1.4913037733055816,0
0.11573553156163063,-3.042665087051881,0.9949448412725166,0.29335203632298334,-4.137177658275479,3.3355608008485693,1.419035611367264,0.9062802483491663,2.4721964670984318,-0.1494646106542804,0
-0.2858769547255714,-0.6571464958154436,2.022466496236749,-0.8972530061612568,-2.05190996146219,-0.008760744015794714,0.03047641392062887,1.1951775737967907,3.1500179689375694,0.5716520299807117,0
-0.1747742942709789,2.7954664545956884,-1.318178934485895,-0.6292121495294424,-0.6952273179066735,0.8173442549127885,1.6505729632328479,2.7060279169529586,-0.8299210518612657,-0.21778378304546742,0
-1.5519725712508934,1.308189863913606,-3.278567262883373,-0.41896344552123466,3.5615094430747885,2.422211365192157,0.12224300454706621,-6.274084925252251,-3.8458980590316996,-3.3870718102506014,0
-0.48890974299951895,,-1.2082091322050912,1.0152208918143053,-1.0075535095466424,1.2908771105920842,-0.38611277608614164,-0.0653544423531095,0.13725823123954817,0.4805235555686642,0
-0.8060464531396196,-0.40118897460435865,-2.289508934601069,0.1255485866511483,0.798473017620349,1.8259748513842646,0.054051662846000936,-2.8938788578947134,-1.6341083221836912,-0.7169596543566221,0
-1.2148490150320201,,-2.179528566542065,-0.10435844943808653,2.291632510279933,1.3834515539785461,0.45015563394664765,-1.2931909103426515,-1.8811867127036,0.07671852441068161,0
-1.3794789225989745,2.8098522673947612,-0.5981404047925081,1.306072203871629,-1.2040482066566107,4.665160688907756,-0.38787578186246957,2.181654151732994,-0.2639892184243431,-3.5723601495037123,0
,2.4509789125891173,-0.3927664391802512,0.5571376184034819,-2.3184169800589434,3.0135827272827482,-0.8679224627511536,-0.027899830310297302,1.6870881003333444,-1.890534323068438,0
-0.47555460135805405,0.6126900143822279,1.55378102575306,-0.6656934648935469,0.3333548490924878,-0.4862661485684641,0.2408767572004076,1.141738802997917,1.357107244556778,-0.352170667146699,0
-1.0993740976807034,0.5806451240477932,1.73458926559785,-1.176644943900053,0.2282222009317909,0.22875852195875546,0.3859700925688759,0.37677816085502314,2.0117098137851595,-0.8842063351027633,0
-3.109958232604573,1.7367328423723667,-2.5818673920266524,-0.5652587392104036,1.5227586597268612,0.6559781814333157,-2.3851136986930364,-1.1305259415955558,0.766692549310696,1.383337951192653,1
-0.24154421402707782,0.2842319263366554,2.3152447944151353,-0.8905688105910143,-2.3415636070222883,-0.09465558990792225,-0.8596135138784541,1.6802655341031614,3.365957637654526,0.18342161105169152,0
-2.084606439636042,0.3811181440568234,0.7668818282020946,-1.6273117279473155,-1.805452805118188,4.432119501360659,-0.30082595603229867,0.6517347666477427,2.34969533289712,-2.540121789380468,0
-2.7791579969365268,-1.1227136509863647,-2.804032286894734,0.5422030069090485,-0.2282018287969657,4.039301772750562,-0.21208966992042563,-1.1738597574307623,0.44236651221225376,0.3184376021430493,0
-0.5951471792811273,-1.2629554525334212,3.206707573648509,-0.5497893596380333,-1.7879466594154434,-0.4626149921738088,-0.6529501558320808,0.6569262546096408,4.321596904564854,0.5153125081751107,0
0.7455220902178818,-0.2897406544854254,-0.5947863005566587,0.5198710181019115,-1.4158722660177947,0.3967540989736731,2.710331644334893,-0.34998842932264096,-0.35737456654594607,0.16635997972789274,0
-1.7195703903060016,-0.6468565336425058,-2.9393427070700864,0.444853537557488,1.6209087345185003,2.7090658248160873,-1.4439255470737569,-2.1612243095606645,-1.8267562714202736,-0.5030708654230045,0
-3.110283804864058,2.6984063209073517,-3.206644635297958,-1.754284852822499,1.8842276991726068,-0.3218923782627088,-0.9980946277690352,1.0504165283175806,0.4268670051627437,2.735906755312202,1
-0.1409061652981588,,1.6633430717455489,-1.0232532233755844,-1.8330746541205607,-0.02382794640870596,-0.5166141987601078,0.8095646517433159,2.3763593234033684,-0.3248723791223609,0
-0.2617880846085652,0.4448567803524742,1.5944498593836753,-0.23372405785172545,-0.8117902677841513,1.7084614421243196,0.7147456498889451,2.349290746403169,0.9894926191376712,-1.7336607374080821,1
0.3606340699963406,3.018389610269357,-1.6866500199318293,0.028775564080998586,-0.00393211684072714,1.5374779654546358,-0.06844649266641564,3.757749673901804,-2.6016307027002537,-1.2276626379046798,0
-0.021406341065317136,-0.09445172682804315,-1.0273212788655326,-1.1207676506962496,0.5553594741127799,0.8635248733275012,-0.0120435529599315,-2.3079291105783666,-1.341750296307545,-1.0721657030987521,0
-0.831532369566825,2.31056389153287,-0.5574591868094791,2.196646054978954,2.2290500168283294,3.2045281876495024,-1.2261793578126834,3.235226264671219,-2.76415766516787,-3.5750365412690264,0
-0.4685802296847057,0.21158181088680594,-1.5634044724241207,1.1655948951441282,0.21762671513559595,0.8556236848552653,0.9625025919532985,0.027501357460451237,-0.8803830956893862,0.33373304943356286,0
0.4276368588583854,-0.057832111919212004,1.1587330336167883,-0.5551092279283498,0.010475281156411498,0.8332384709803604,0.7979752545819053,1.4119568894490087,-0.2662234799881439,-1.4777121220798861,1
-0.886890165495102,-0.276193174935925,1.8134509725113626,-1.3204934434050315,0.13642891389217748,0.41935796784727397,-0.38148941482409277,0.844059385815285,1.9024470017661608,-0.6208137057434091,0
-0.9863884586117199,-0.058390196531585836,2.504164187457623,0.5182189504454116,0.24883455788174436,0.5825375442505447,-0.9546181019500601,0.5797133962155208,2.22955522748146,-1.4295152112838339,0
-0.6628476704761349,0.8593337828744598,1.050544906990392,-1.4337300248102285,-2.0644205913090596,-1.3796657714805636,0.44166256418606065,-0.11018157132835693,3.4742067360287274,1.6375014870336115,1
-0.6827634203940571,1.6783255681664127,1.2746695863485469,-0.6302492950044363,-1.1305552168767457,-1.2999145716360951,0.8331577666294346,0.14769139986824076,2.7620630855322084,0.5979109741787223,0
-0.04817967409289181,1.1880609823311876,1.1007837469328454,-0.0017141536690639572,0.6812511983021465,-1.3847092817367361,0.7674793445541306,2.5216678566997643,0.6107244491453463,0.46184539626226373,0
-0.3645883288797066,0.8263449468529187,1.6497166385385098,0.7769367029315166,1.819009569806811,-2.03858486033384,0.9360561679360162,0.37257473105304584,0.8350489008342525,-0.00434094638171767,0
,-4.603768097312311,2.2358482863221476,1.6797473822215292,-2.952193761016626,5.260112427169514,0.7399440513793163,3.193486774595013,1.928893040472618,-1.7325381940361015,0
-0.3896434035706535,-1.2732486532310419,2.4951189990037097,0.39387321816474324,1.9439479851683492,1.4672344329515625,-1.426018117120452,1.8372622027208194,-0.015617789423336637,-2.496504430972806,0
-1.7245243618907087,1.6761744435175088,1.088774258286412,0.5278393499155871,-0.03133105290941929,1.2712833193222628,0.5053371476473485,0.6720694532383297,1.9830937619699907,-1.4251780216923082,0
-0.4601170404348539,-1.6824418535315102,0.5135132066496244,1.4837439102037069,-1.3458090329749246,3.4389675751618216,-0.6401544568346118,0.4370204874757453,0.5806980431641553,-1.7249233129914634,0
-2.044976145310999,0.3863463606328421,2.9215680435170013,-0.9066485451542928,-2.7363380253981573,-0.6431086089774389,0.10801412097950092,-1.4984311180366574,6.536617418023272,0.8470378263805081,0
1.1722337385618662,-1.4960760118722696,2.3391335234415926,-0.40697436637337114,-4.948892090382566,4.485138096490944,-1.290942219493224,-0.7819357222215639,1.7442932139763545,-4.001253208935007,0
-3.6656876245416354,2.6731861050000076,-3.8038720239106745,0.8461184692959337,0.4972522574480891,1.7955597750236525,-1.0504376287559674,0.15307657172277955,0.8727616398031421,1.83359228186312,1
-0.7088306686600607,2.6093053565382274,-1.5657501647554848,-0.6646510975020625,-1.7137347203968631,4.109555598447932,-1.590141830680298,1.6865422497147,-0.9965503893544,-2.6689294176528704,0
-1.9317591152063012,-0.19403276562627325,2.9593724310217073,-1.4924622700059929,-2.2493880982937164,2.872016677788512,-1.5679882655602675,-0.5577087284344198,4.539228478428143,-2.4015393629568895,0
0.41141019616874774,-1.4637291122395641,1.677208788154906,0.8092646982419858,1.945028637979171,0.612876178322908,-0.9028089269627998,3.8172453467176477,-1.0852293137589915,-0.9857377417937299,0
-2.480835318685913,-1.4347195988468744,-1.6071798102752717,0.6488819259038391,-1.3838969029877672,4.988254508956603,-0.08308932774318312,0.7928018596429331,1.2193813628754189,-0.33863255659620806,0
-0.7499128034663018,0.10351747186701943,1.4510594938239492,-0.1878594010087195,-0.8262082504077198,-0.8023857995028616,-0.2589387965783906,0.5772356766022311,2.739896516251007,0.9039649499178619,0
-1.2841704769043183,-0.05292487453982053,2.253175971127116,-1.2859997065164936,-2.361473349356051,2.155826067236329,1.0687923213942923,0.2865098648959318,3.7013760525759407,-1.467503670598779,0
-1.3210421203627227,0.8910958008389138,2.1490827361837845,0.3359681734405766,-2.4038980504865,-0.933968716880453,-2.252793394731339,-0.2836985364358018,4.979673249076258,1.0400148574620025,0
0.23346039268637986,-3.6388341441081455,0.9170041219484519,-0.642776382899948,-2.4052553054869508,3.6674734321683253,-1.4162688593406074,0.6902381794300878,0.9268555204800568,-1.0695715516434077,0
-2.4346695725585854,2.607876519908613,-0.1022787027833385,-0.6801734763479509,-0.781747405402042,3.8068462396499214,0.364561477355457,0.13358816988355016,1.4690956304483658,-2.9604459033000485,0
,0.2399469713882182,-1.2801057120914172,1.1640601525859375,2.2341651960795748,-2.2865319956587613,1.9120054690526975,-1.0595316288123624,-2.2002211020464855,1.1524419036619395,1
-0.9308606256548935,1.2319699664548633,0.8495663328310112,1.1711676327061467,-1.3261875022694694,-0.9037153693697021,-1.332448347894566,0.45820040430385833,2.8700784134993422,1.1123804894390057,0
-0.7824768237590085,1.192811401166384,0.5729410795838694,-1.543450943185747,0.28830295711707654,1.0905492696110592,-0.26995189682516413,1.4725541218861962,0.4122760493466289,-1.2443860860997054,0
1.098811034345676,-1.870146633634194,1.626978025597158,0.6418941228586382,-4.2017863281989,2.8539735030857987,0.8931883472072516,-0.2881794758351218,1.6727683124496502,-1.8268680069828007,0
-0.8868416326350086,-1.2556070649835518,2.4408000514448256,-0.35824437790750796,-2.3235369031710977,1.4795566056816272,-0.29882008902920415,1.0901640675516735,3.770224805677801,-0.313083890269376,0
-3.07661807591583,-1.2864504504994856,3.727925557635416,-0.6191229482499316,-3.2559089089267026,0.8890694812875801,-1.0984092179625526,-3.1964941059665364,8.26382615348251,0.2184006959245861,0
-2.842959366076234,-0.3996853520755811,-2.6203326763803236,1.542276627661302,-0.3335064177284156,4.3287023485055265,-0.2151138001704899,-1.016767283875355,0.46031165825610776,-0.35530733299949013,0
-2.5903700923760438,2.193462205245834,-0.5406273834722467,1.3530691601664073,-2.6762869791405026,1.6362305324752349,-0.5279940217656136,2.6056180357921903,3.8780049766156646,1.5097259107602525,1
-0.05113665506261489,2.0381356931979986,-0.22451464093631057,-0.1650805650030461,0.4968457695288029,1.9730884356257605,-0.14365952989711814,3.494633275450589,-1.6659882248606583,-2.101859198987938,0
-2.152439243894544,1.8935672092751963,-1.4777163150545773,-2.0807405253909783,0.12141928476270336,-0.20371519673251526,1.605619832565118,1.5911296450101151,1.585496287813589,2.185169986360953,1
-1.820416926241433,-1.5229385709410121,-1.344365634338468,1.193586535476262,-2.4872122706767374,3.9507780095154175,0.07386343441088038,0.02507356492077628,1.8458399976115627,0.3632832195528559,0
0.25572986214623294,-0.660689463425605,-0.10436108767611008,-0.9722982447348347,-2.081159150186733,1.543214657735752,-1.0501865373616694,-0.507235666897188,0.5772709131395963,-0.46573961627462324,0
-1.5829441482543574,0.4105149410334643,-1.5905198253194648,0.3596808476863211,-0.11982517308937313,4.343880000783893,1.3746112675765545,-3.6087334691759487,-0.8358883885232999,-3.36088869898658,0
1.8741650073067655,1.855193810682349,-1.2161388208801909,-0.22347250523693915,1.1044073661043852,-0.25337452413633255,-0.807591340098296,5.0126911778867695,-4.088095475633858,-0.3814986080623395,0
-0.8985893627294645,0.3173201071419385,-1.2786882398847426,-0.5002610165866755,-1.3814347053652205,3.313687254747714,-1.059211708372902,-3.909169429320337,-0.09774369929536408,-2.4969797652699053,0
0.06407231198032415,-0.33096780391996206,-0.30159133561527374,0.9022713999434526,-0.8969138281740896,2.398181083260447,0.9943515198154235,-0.9546969517328141,-0.6170384667274038,-1.9275482739093273,0
-2.2918447582254147,2.7075134023355205,-1.4629376236080307,-0.8414495141290085,-0.8151891040639201,0.9854891600122266,-0.43578972962363594,2.4351710172099263,1.7988847223235958,1.3331090572859066,1
-1.6829853898811944,2.527971336003455,-2.2964633927741147,-1.407087194784017,0.08284851074608435,-0.6494507857952019,-0.8774840221556317,0.8549925272514776,0.6595247620390092,2.264380676571654,1
-0.30229890245372393,1.6247181260459103,-0.23881804053571565,0.20335945999876773,0.34462770118281916,3.539145085190825,-0.7871740699869963,2.2052427381373074,-1.8844996799484655,-3.5596314277926497,0
0.3903537540056443,1.2691493374602576,2.3614232620117903,-1.1321491407160067,-1.2923896044922245,-5.104136522826495,0.9764313771980682,0.8900213247130646,3.9332446598716793,3.4002870482559517,0
-1.8224973521080794,2.4187013443093437,-0.8758392488268409,0.10353815394917538,-2.0564472342300912,4.18489090793968,1.5941779562040121,-0.06664471358086743,1.0656042764606592,-2.632294841023498,0
-1.5705694326675812,1.9963596556443932,-0.4220953602427622,0.4484854541964401,-3.4443491456192943,6.032812905381886,0.7245917787231225,0.6958944775703678,1.2655400342295573,-3.8504786334160443,0
-1.6541914300480496,-1.298898079454578,-2.103166524950421,-0.03914402696834188,-0.2887910595817239,3.53561092567452,1.9669169625082537,-1.4242982250728882,-0.28176032291365694,-0.4460213019356518,0
-1.4631100783813429,0.24657150089932212,1.9619693689023916,0.4939773822056448,-1.6038306227687573,4.286759890679958,0.9671781224389495,0.914224128236462,2.1769760836825025,-3.6065913982998694,0
0.40089940751455866,-0.9076927246082618,-0.17330194968465595,-0.9096804393124754,-2.347614144067788,1.683559131254917,0.8515910458931973,-0.3139320528757489,0.5277678714020763,-0.34552734211068203,0
-1.4309853811672644,,-1.769920284481139,1.1361913746425423,-0.6633208055240086,1.1148428427397359,-0.08269774501839869,-1.1554726886710847,0.6244293685050254,0.48607860030522776,1
0.10527895462393055,-2.8089854569633843,1.2907213298748426,-1.431354847054427,-2.6760940065435834,3.5024741215984814,1.6372116447028533,1.6736177396259153,1.4450767172013932,-1.0969768543682121,0
0.08847288496107164,0.9301502044281336,0.6620259780654206,0.9647698943024456,-2.0338728654240477,1.227319556739216,-0.4289807173724197,1.0668084434585081,1.0768739239615053,-0.9747476751035968,0
-0.6973339342584532,0.8953968845486603,1.2901446701302233,-0.8238368696411541,0.17994017131254658,0.7316521779789221,-1.1298498572185598,0.9095610393833126,1.0053398018778188,-1.3843151279047712,0
-2.3808784320357814,-0.6638988384860383,-2.797052340655062,-0.16013013959793715,0.24202449719053232,4.158994650826775,1.4930031044432035,-2.4069709373460384,-0.5323240482324203,-0.9635565917742668,0
-0.24933742126500114,-3.128039016833646,0.8625774978963558,-1.7210775209604694,-1.120726816382105,4.887113238580201,0.3630042848060769,0.2878211549236609,-0.0869024336234944,-2.908287827385605,0
0.08060825629217172,1.0773172613162407,0.9173363374968568,-0.9392415406820068,-0.14323630655958075,0.06456929387746801,-0.2165231975361736,2.690155026614069,0.317493376698742,-0.4592601089186148,0
-0.04596538681536555,-0.9563089127699418,2.597344998039894,-0.5289467627246989,-0.8879449718522543,-2.316544709166879,2.3246989143234176,0.12689225347402688,3.4029993167243813,1.6063343353962871,0
-1.0788705040509314,-1.7252281317825493,-1.8119812213006152,1.1799885296897865,2.0580069447423655,1.370289092411316,-1.8750073874719364,0.02484614739653468,-1.5539978159546997,0.662256182358226,0
-0.5608887384640243,1.5685040826893655,-0.5453084723394324,0.6041074554390441,0.37329016776008883,-0.7506863777625036,-0.9085025115121911,-3.387988329777412,0.2285459390725295,-0.5501941118996256,1
-0.9570556209363211,0.23773104640712361,0.9168479958664433,-2.4928104993953535,-0.23700184056674978,2.253142804617954,0.3333698512608781,2.6324694570319487,0.8392442118863928,-1.3684204068381134,0
0.5168481760082064,-0.18623560925989235,-0.6925723591399187,0.09982631509976791,-1.230556662976314,0.4768297158919375,0.7534174734210928,-2.4929868115183007,-0.30660534558255503,-0.4750000583994979,0
-0.6849268635598423,1.2034037398898605,1.348889883522349,0.4977883094177774,-0.8178429679164088,1.4955172127825578,-0.6049067639281748,1.5919460623157229,1.3708665796480313,-1.6904805234988283,0
0.37905069790633283,-1.3520172929611052,0.8422958076860747,-0.03204237068048687,-2.074612094032226,2.004173616406832,-0.605679999935798,1.4419622386472724,0.8462410462775993,-0.6765591304191247,0
,0.6021885577528696,0.5545952509835272,-0.3578279334412669,-0.12103534264897908,-1.2748276687234323,-0.5696989629257314,3.92975084235477,-0.2586041039006579,1.145108652458994,0
-3.6137319426448364,3.4138234312735896,0.9713587916521276,0.8652897561352498,1.1648248021296368,1.5794239822416363,0.053059312932619035,3.057214783185003,2.993131659443686,-1.0446746807896572,1
0.4037459548292963,-2.634508264045968,1.0466107071442914,0.7595000375161222,-0.7199171354606958,3.7823576184261656,-0.9096897884083344,0.7635446759723972,-0.6866880777293576,-2.7409071135547953,0
-0.9778480768712121,-1.2030572452682224,-0.2795155224581054,1.4950303097358375,-2.701827183582509,2.846964089309662,0.16279661809991253,-0.3494520529054306,1.9970662242780945,-0.07529874371094114,0
0.09985292517452793,-0.17069088457858927,1.5236445810741719,-1.269465266012813,1.8904839904840123,-1.5524224220226626,-0.3807634038618044,2.5981802080024825,0.04898058226174741,0.4482363960591882,0
-0.6496198240788384,-1.6357370319312745,-1.1098284381460686,0.6072890151016929,0.4249734128319349,1.6136508977040338,-1.0259648174807778,-0.1137133911369903,-0.6015552985356315,0.30374089195862863,0
0.5688898969200993,1.8096319499957527,-0.26733727751563463,-0.17951457487248015,-0.2573101776311386,0.3879013404761919,-0.5061890610853361,2.2758964934558543,-1.1503520725356569,-0.8396770555016564,0
0.8014478119290773,1.5883111369323242,-0.2066032505322435,-0.4603067625743631,-2.991875466250114,-2.2040422285706933,-0.5591638350592083,-2.1335304078084074,1.865254784871675,1.6147526743152674,1
-0.9559978803161754,-2.090975066169853,-0.8294262773750463,-0.030263057596985755,-2.2595000296811985,2.96254080568212,1.4678504449973098,-0.20360410977326548,1.4126191563438133,0.4960445101925446,0
-0.0002203289118027918,0.52048311651382,-1.3239843409660157,-0.06723030719613125,0.422664460595801,-0.27992083014742347,-1.05470445496592,-2.011701554354897,-1.0157652678037012,0.06376446640847444,0
0.1604585333329438,0.24495171663753101,-0.06562614102802367,-0.2544760766453415,-2.6201667706914935,2.8801788514143105,1.2371808002890092,-2.7917620321689234,0.3808122085310862,-2.709197876381417,0
-0.7996563921865929,-0.8291725254310072,2.713434351142388,1.5821167513035672,-1.646437000832762,0.4707700136432017,-1.162065820256283,0.23529889065979182,3.703125967903037,-0.37305319741687637,0
-0.5237023148948869,-0.38714849980180577,1.6580482355849482,-0.39361158203300994,-0.21807252300732227,0.41350135446587927,-0.7603636412161305,1.13899432457566,1.6380610994393734,-0.4644716200320185,0
-0.7438285044505526,3.098088849300979,-0.3818980053408585,-1.4222296495062072,-2.1773073371997844,2.6687964352021383,-0.02439856723615665,1.711010271699008,0.645917832836986,-2.0428300534795776,0
-0.3399631980703728,1.301681751123815,2.2122568910003726,0.3989921575016956,-2.5467425420925616,1.0105837350334135,0.967794469003426,3.127982275783268,2.917233821231128,-0.8131732211358695,1
-0.1621202899750378,-1.3939375508599752,0.8019712429272583,-0.18324524320928193,-0.8217222055310816,0.7729839930174158,-0.20233890687008754,-0.5716847950250542,1.1460647927524419,-0.19199559582331238,1
-1.2573542202642571,0.22997586353802213,-0.1039464168848172,2.059845001737402,1.648658081934615,1.1825158027660008,0.8007019475455768,2.5714573493559216,-0.28254003922183335,-0.29119762309396124,1
-0.6445330277857475,0.9227171589949141,0.8143318036434672,0.6159670060468382,1.6907749481934071,2.443673154663575,-1.829681815208083,2.1134094136911594,-1.2497983052439199,-3.182910896507974,0
-2.524907887973304,0.8699482892754828,1.2822227058174471,-0.6316515245136439,-1.6534591060547401,3.815589343546839,0.8293237725828624,-0.5893917589029836,3.2950183693110286,-2.6618605399188358,0
-2.868699544796619,-0.6110360939786561,-0.19593571675067856,2.254038108921119,1.5816532777997234,-0.09270327284598512,-0.08378309988906465,0.44245750017852714,2.477812293603255,2.119450726890885,1
-0.48609110592981564,-0.6105885714258548,-0.7340567027890781,1.9723444790822,-2.0434020828539268,2.008536059858841,0.4704829961291065,-0.15273622435975998,0.9102983401570511,0.11348822765139976,0
-0.23257814139080502,-0.31671645703765394,-0.47004728780917604,0.06970426942928022,1.1215808842571002,3.3266190464744763,-0.8915434898545047,-2.2276270215759255,-2.2666692107421307,-3.8726041716286392,0
-0.9027365204204225,1.6462400226436924,0.9806377051143209,-1.1310672355025877,-2.0020713356822473,2.022613022955863,0.021092747850587245,1.943853717164892,2.0125719735648335,-1.3870786121715575,0
0.5469905178445105,-1.020851313271504,0.733290343520768,0.0017948728781070852,-1.98103692296535,2.4516673400532185,-0.40415715947930275,-0.2676936231834631,0.2520207357020693,-1.9301292962262155,0
-1.5160793472395802,-0.5267995981535596,3.2442959042407775,-0.03916211544275943,-0.9915383130860524,-0.5376239255925215,0.36539424192514075,-0.3521816242062328,4.836234023689159,0.1615883690007769,0
-1.7700064200887993,-1.2333648293017183,-1.9447931829319451,2.7922088679099613,-2.7759913504358855,3.7424239647278683,1.7649138055507714,-1.0266912265220007,1.7096949688961964,0.5905764058172982,0
-1.0359427748770997,-2.3710774284778444,1.2085828466007125,0.41195299906180954,-5.471960707631895,5.3794833775475865,-0.5996399948212037,1.4451472473674691,4.014078882543123,-1.051253516949328,0
-1.83616431889034,2.1171922948384108,-0.5184438300200249,0.19265153264802468,-0.47384181442572326,4.123975292553108,-2.3784316598733284,1.4097449627449075,0.17200030071835304,-2.9310978691649514,0
0.30730417227798323,1.5916003131809184,-0.0974854805284735,-0.9365920062436421,-1.999708425831343,1.0316065578973954,0.5529052285994815,2.0673052074125273,0.32337801695170887,-0.5165534921182048,0
-1.2701800342060885,0.09402625550475652,1.2347900992221754,0.00878844263207182,-3.3038458771678645,1.1786668516226313,1.2019316695395432,-0.014396243176689083,4.232130817064072,0.4568179318011518,0
-2.4649640041154948,3.903704819305653,2.3915520861887503,0.8187659708488161,-1.0934994587902571,-3.8808397623030544,-0.038323835697372494,-0.8332574805163636,6.455098373668688,2.2098763724303847,1
-0.26572756306973333,0.4424917685287859,-1.146865023302147,1.3655264625262657,0.14387457935220782,2.2908642069048217,0.3813528345802849,-3.6011316027726656,-1.5213858052167035,-2.7380733045251784,0
1.0187597551812941,2.3393085402187976,-0.2136632253533457,-1.4991812019576982,2.7230554709546833,-2.97721637488799,-1.9819644857387133,3.4816545562456724,-2.4764299864990678,0.8126190899816716,0
-2.18960360854008,0.7012621219373509,-2.7580535155665244,1.4980117703044276,0.8689406101276109,0.1733569931994352,0.10172320847176979,-0.9372693960575986,0.37116306736773774,2.240962942673905,1
2.3894907823382834,-3.225042654522169,-1.2187060590451917,-0.29779615622396016,4.159221638142185,-1.8111283789308141,0.10264552853966442,-1.3642088139211928,-5.495406954188029,0.25519205612250184,1
,-0.10293402956395914,1.421224401913136,1.2121292042334861,-1.0598787573338846,-0.6576426406084207,-0.1850976494212187,1.346386806310952,1.6753539681370329,0.5337228940572678,0
0.37847466023145837,0.09276873068351188,-0.37374385133956256,-0.6374874348250117,-0.7188423880786582,0.9474276362702437,-0.897659385275054,-1.7878480316376666,-0.5934046069673504,-1.240248843400214,0
-3.8980047290628113,3.5633467568004225,-1.8658426012342342,-0.4138949422748569,-0.6319375092420825,0.5327108043450388,0.7663884765723994,2.4526815641661903,3.5393890157292054,2.707278348758909,1
-1.3826151769524402,1.2100447475007676,-0.9137628359119778,-0.9391555697706817,0.917040448752307,0.6437715137826094,0.23622364626423303,1.511582960629053,0.057745225672160894,0.3594207682255497,1
-2.738741760042932,2.4534236901496733,-0.7172084742474945,0.08409438825019651,-1.0145983637575764,6.079451166023844,-0.11455942747251965,-0.2730981860339776,0.6710434614225844,-4.5204550402292165,0
-3.003869920827538,2.396028891964524,0.7769827969870704,-0.02518868352947947,1.2615788054302306,-2.3957154101938514,1.0845005302909256,-1.1019758544381584,4.021375949139285,1.8642678419090395,1
-1.6348077827303642,-1.1193322321530923,-2.6791848023233173,0.3014070697811174,2.3881049429307732,2.0351224041154667,0.24180207155574857,-1.4931113019762108,-1.9816358634559497,0.03895790268528998,0
-2.2385769476830415,-1.9963709858832912,-1.012505514826021,-1.1285906730970345,-2.641764199874446,5.639426942207964,-1.532683970923734,0.01381728772449975,1.9864676292009766,-0.899138846104315,0
0.24787821815740374,-1.4685451857649483,0.44951103881581167,-1.4089191026905248,-2.6980662627950496,2.0594645179195585,1.031653774575175,0.9868806003497439,1.2504352626657884,-0.14690580478037774,0
-1.2882710015731678,-2.345376397095309,0.3945248574913962,-0.6378086928599359,-5.120036808002063,5.129922072264128,0.10618291944021628,0.24758970282771897,3.7217301322782,-0.6102351592784192,0
-0.591651640637527,,-1.9333117442427792,0.7769316923548287,3.223046739829061,-0.7716739184526579,0.707457710864381,-0.4456633000457544,-2.4215542999402566,0.8055938796753774,1
-0.25034752941804195,-1.4114931426814745,-0.043362561614317174,0.87278741446961,-2.844086109473759,3.168889539383772,0.9724439979180102,-1.39497743641319,1.205995698473796,-1.2398884435891375,0
-0.8535331142662305,1.4754138626728195,-2.5607229396979427,-0.7756066046023912,1.4141281360906306,1.1199308700092838,0.20545568703630285,-3.9640022753445283,-2.1590770772320056,-1.4647854042396946,0
-0.7469465910906326,0.6814538481276767,1.1144806200041733,-1.1681778278502002,-0.4038047475672407,1.5885348662013081,-2.2175910793587708,1.2723009676395522,1.0475661472390407,-1.5795075230417606,0
-1.8542793042264498,1.7287287596352243,2.4786431851870248,-1.5223343182817441,-2.8879483159587074,2.314872322186762,0.46079724361596747,3.5076899734029436,4.581020858726363,-1.1176802739474745,1
-0.5195012569694623,1.165711042415775,0.15103686345679135,0.03352470238858753,0.3354424209799094,1.672388508238091,-0.03204749416371351,1.5326946920035835,-0.45674544885990753,-1.7308746011223621,0
-1.8977675514047077,2.3234341626249093,0.37621127241996977,0.13249714349564554,-2.990258187931545,2.119932346585821,-0.8839988567464406,0.20114880545594782,3.524686548441865,-0.7712125836685098,0
-0.2281235519652568,-1.7836764951365138,3.094314940242649,-1.3045894438004726,1.989704666036094,-1.5153997609451895,-0.4765514232192414,3.477095042147535,1.5172763244440441,0.7312212668861919,0
-0.9454553652200226,-0.6624692106558578,-0.8318818898138294,0.33323053499002175,-1.8886689741380223,2.8718992263632668,-0.24733596389641815,-1.4688943813512267e-05,0.9359520706808516,-0.3361363915703568,0
-0.5087434285365222,0.29571632953876603,1.1186303397751423,-0.17749188377428318,-0.3706157471455145,1.3915287032420964,-1.750975574405228,2.464529962791694,0.8691957753737949,-1.0001310321685355,0
-0.9834014377018613,-0.5407880588541571,2.4085597980758777,0.8598335614674577,1.0625140133252167,-0.7562834801973001,1.7445838700752485,0.7603362617048359,2.2471201329231207,-0.0859845488329738,0
-1.886468478525217,-0.32176430591564675,-1.8110174090689255,0.2939493879431622,1.1857072507305442,4.048385377841748,-0.4509940170293094,-2.8547037116589493,-1.3061835103625272,-2.6645185830730913,0
-0.3266616355713182,0.6673464950489834,-1.258075137231938,-1.0757366484416113,-1.266080822105574,1.7464927408116682,-0.528998414203127,-2.5289147070151055,-0.2444146060338811,-1.2036680569445297,0
0.0752057516269653,0.19869895687553674,1.878294784770046,-1.0078679132221302,-1.4244947700178416,-1.149712047550293,-0.6084939037312018,1.5377606629598048,2.5240926389873986,0.8646252818368954,0
-2.728453841902536,-0.3529479818390189,1.4619263021578104,1.127686294516429,-3.8083564076670076,6.2466330916594845,0.9588163064676725,0.23386771582088617,4.350735908549348,-3.104087372448727,0
0.10722657544736025,1.6766267912048578,-0.23545118723806824,-1.2101609434141578,-0.40888925270135323,1.080665248342907,-0.1570248284447078,2.2013711580836937,-0.7276886240276297,-1.0824634119690795,0
-1.1734213737840613,-2.361999817518826,-0.5043301236432284,1.15469376671672,-3.37871300987295,3.681175698764957,-1.2703620463250862,1.125955149774454,2.42105206561632,0.810129006006238,0
-1.0309310571807182,1.3916263025466797,0.5472737846167649,0.9289320135322151,-1.7388795135013857,1.2500021104676502,1.3325514676651278,1.5782564376200892,2.124722480981953,-0.3184336169818588,0
-1.9306361305319177,-0.4067517315359097,3.06130815020023,1.0831452126607344,-2.9346340199044407,-1.3550541761960146,-1.7941918665494363,-0.8730194799664468,7.065968344724491,2.1103084025991037,0
-0.5589874789633589,0.2998486843541688,1.5270708509595832,0.3604416762927729,-1.3602094497856907,1.1007932222926982,-0.7559507066919204,1.3319334038688464,2.0411049808136563,-0.8244044259267875,0
-1.3502885607785386,-2.046077844597462,-0.6142642806640688,0.12645921906069005,-0.783923111291129,5.8950258940018445,-0.9154770290902925,-3.18476763501317,-0.39925960345522427,-3.9209595437894817,0
-0.27575395909330447,-0.7284951476761876,0.027727049572717544,-0.6608342358101458,-1.9281614650306649,3.544945146897237,1.4469441463869799,-1.1116615459835049,0.3137657641250629,-2.3765279751271438,0
